brand,product_name,product_type,size,normal_price,discount_price,discount,rating,review_count,ingredients_list,bpom_id,product_url,description_product
COSRX,AHA/BHA Clarifying treatment toner,toner,30ml,95000,88350,0.07,4.7,205,"Aqua (Water), Salix Alba (Willow) Bark Water, Pyrus Malus (Apple) Fruit Water, Butylene Glycol, 1,2-Hexanediol, Sodium Lactate, Glycolic Acid, Betaine Salicylate, Allantoin, Panthenol, Ethyl Hexanediol",NA26221200804,https://www.sociolla.com/toner/77262-aha-bha-clarifying-treatment-toner,"Eksfoliasi lembut, Meningkatkan tekstur kulit, Menenangkan kulit, Menyegarkan kulit, Melembutkan kulit, Meningkatkan vitalitas kulit, Mengontrol pori-pori
"
Sungboon Editor,Sungboon Editor Green Tomato Pore Lifting Ampoule Toner,toner,350ml,770000,192500,0.75,4.7,3,"Aqua (Water), Glycerin, Dipropylene Glycol, Butylene Glycol, Niacinamide, Solanum Lycopersicum (Tomato) Fruit Extract, Benzyl Glycol, Adenosine, Glyceryl Glucoside, Xylitol, Gluconolactone, Allantoin, Trehalose, Panthenol, Melia Azadirachta Leaf Extract, Xylitylglucoside, Anhydroxylitol, Melia Azadirachta Flower Extract, Oenothera Biennis (Evening Primrose) Flower Extract, Pueraria Lobata Root Extract, Pinus Palustris Leaf Extract, Ulmus Davidiana Root Extract, Ceramide NP, Tocopherol, Hydrogenated Polyisobutene, Sodium Hyaluronate Crosspolymer, Hydrolyzed Glycosaminoglycans, Hydrolyzed Collagen, Sodium Hyaluronate, Bellis Perennis (Daisy) Flower Extract, Hydrolyzed Hyaluronic Acid, Hyaluronic Acid, Anemarrhena Asphodeloides Root Extract, 1,2-Hexanediol, Ethylhexylglycerin, Hydrolyzed Sclerotium Gum, Propanediol, Phenethyl Alcohol, Sodium Chloride, Potassium Chloride, Disodium Phosphate, Potassium Phosphate, C12-13 Pareth-9",NA26251200757,https://www.sociolla.com/toner/93120-sungboon-editor-green-tomato-pore-lifting-ampoule-toner,"Mengencangkan pori-pori, Membersihkan pori-pori, Melembapkan kulit, Mencerahkan kulit, Menghaluskan kulit
"
Dear Klairs,Freshly Juiced Vitamin Skin Prep Pads,toner,80 Pads,399000,287300,0.28,0.0,0,"Aqua (Water), Butylene Glycol, Glycerin, Methylpropanediol, Niacinamide, 1,2-Hexanediol, Isopentyldiol, Gluconolactone, Arginine, Allantoin, Polyglyceryl-10 Laurate, Ethylhexylglycerin, Xanthan Gum, Adenosine, Sodium Phytate, Ascorbic Acid, Ascorbyl Tetraisopalmitate, Caprylic/Capric Triglyceride, Menthyl Lactate, Ethyl Menthane Carboxamide, Sodium Hyaluronate, Centella Asiatica Extract, Methyl Diisopropyl Propionamide, Hydroxypropyltrimonium Hyaluronate, Coriandrum Sativum (Coriander) Extract, Glutathione, Hydrogenated Lecithin, Hydrolyzed Hyaluronic Acid, Sodium Acetylated Hyaluronate, Vinegar, Hyaluronic Acid, Disodium EDTA, Hydrolyzed Sodium Hyaluronate, Sodium Hyaluronate Crosspolymer, Ceramide NP, Sodium Ascorbyl Phosphate, Potassium Hyaluronate, Asiaticoside, Madecassoside, Asiatic Acid, Madecassic Acid, Biotin, Cyanocobalamin, Folic Acid, Pyridoxine, Riboflavin, Thiamine HCl   ",NA26251200678,https://www.sociolla.com/toner/94187-freshly-juiced-vitamin-skin-prep-pads,"Memberikan hidrasi instan, Meningkatkan kecerahan kulit, Menghaluskan kulit, Membantu makeup menempel lebih baik, Memperpanjang daya tahan makeup, Menenangkan kulit, Menjaga kelembapan alami
"
Dear Klairs,Freshly Juiced Vitamin Essence Toner,toner,180ml,331500,235400,0.36,5.0,1,"Aqua (Water), Butylene Glycol, Propanediol, Niacinamide, Caprylic/Capric Triglyceride, 1,2-Hexanediol, Glycerin, Hydroxyacetophenone, Arginine, Carbomer, Glycereth-25 PCA Isostearate, Diethoxyethyl Succinate, Acrylates/C10-30 Alkyl Acrylate Crosspolymer, Ethylhexylglycerin, Adenosine, Eriobotrya Japonica Leaf Extract, Hydrolyzed Gardenia Florida Extract, Hydrolyzed Malt Extract, Hydrolyzed Viola Tricolor Extract, Trisodium Ethylenediamine Disuccinate, Squalane, Hydrolyzed Hyaluronic Acid, Hyaluronic Acid, Mentha Viridis (Spearmint) Extract, Sodium Hyaluronate, Tocopherol, Ferulic Acid, Lactobacillus Ferment, Stellaria Media (Chickweed) Extract, Glycine Soja (Soybean) Oil, Glycine Soja (Soybean) Sterols, Hexyl Laurate, Sodium Phytate, Persea Gratissima (Avocado) Oil, Ascorbic Acid, Gluconolactone, Sodium DNA, Cetearyl Alcohol, Ascorbyl Palmitate, Hydrogenated Palm Glycerides Citrate, Polyglyceryl-10 Laurate, Glutathione, Hydrogenated Lecithin   ",NA26251200677,https://www.sociolla.com/toner/94184-freshly-juiced-vitamin-essence-toner,"Mengatasi kulit kusam, Mengurangi noda bekas jerawat, Mencerahkan kulit, Meratakan warna kulit, Menjaga kesegaran kulit"
I'm From,Rice Toner Pad,toner,140ml,429000,398970,0.07,5.0,2,"Aqua (Water), Methylpropanediol, Dipropylene Glycol, Glycerin, Niacinamide, Olea Europaea (Olive) Fruit Oil, Hydroxyacetophenone, Caprylyl Glycol, C12-14 Alketh-12, Polyglyceryl-3 Methylglucose Distearate, 1, 2-Hexanediol, Carbomer, Betaine, Arginine, Sodium Citrate, Glyceryl Stearate SE, Ethylhexylglycerin, Methyl Glucose Sesquistearate, Adenosine, Citric Acid, Xanthan Gum, Oryza Sativa (Rice) Bran Extract, Oryza Sativa (Rice) Extract, Dipotassium Glycyrrhizate, Disodium EDTA",NA26251200291,https://www.sociolla.com/toner/89836-rice-toner-pad,"Menghidrasi kulit, Mendetoksifikasi kulit, Mencerahkan kulit, Meratakan warna kulit, Menyamarkan kemerahan, Membuat kulit bercahaya, Cocok untuk semua jenis kulit termasuk sensitif, Melembapkan kulit, Melembutkan kulit, Membantu regenerasi sel kulit, Mengencangkan kulit, Mempertahankan elastisitas kulit, Mengecilkan tampilan pori, Mengeksfoliasi sel kulit mati
"
Anua,Niacinamide 5 TXA Brightening Pad,toner,60 Pads,538000,309000,0.43,0.0,0,"Aqua (Water), Butylene Glycol, Glycereth-26, Niacinamide, Glycerin, Hydroxyethyl Urea, 1,2-Hexanediol, Hydrolyzed Collagen, Terminalia Ferdinandiana (Kakadu Plum) Fruit Extract, Diethoxyethyl Succinate, Hydroxyacetophenone, Glycosyl Trehalose, Hydrogenated Starch Hydrolysate, Melia Azadirachta Leaf Extract, Melia Azadirachta Flower Extract, Coccinia Indica Fruit Extract, Aloe Barbadensis Flower Extract, Solanum Melongena (Eggplant) Fruit Extract, Ocimum Sanctum Leaf Extract, Corallina Officinalis Extract, Curcuma Longa (Turmeric) Root Extract, Glycereth-25 PCA Isostearate, Propanediol, Hyaluronic Acid, Hydrolyzed Hyaluronic Acid, Sodium Hyaluronate, Zea Mays (Corn) Kernel Extract, Fructan, Glucose, Ethylhexylglycerin, Xanthan Gum, Adenosine, Coptis Japonica Root Extract, Collagen Extract, Sodium DNA, Disodium EDTA, Lecithin, Acetyl Glutamine, Bacillus/Soybean Ferment Extract, Caprylyl Glycol, Folic Acid, Hexapeptide-11, Oligopeptide-1, Oligopeptide-2, Oligopeptide-3",NA26251900083,https://www.sociolla.com/toner/92892-niacinamide-5-txa-brightening-pad,"Memperbaiki tampilan kulit kusam, Mengurangi tampilan kulit lelah, Menghidrasi kulit ringan, Menenangkan kulit, Menyegarkan area bawah mata, Membuat kulit lebih cerah
"
Anua,PDRN 100 Hyaluronic Acid Glow Pad,toner,60 Pads,578000,309000,0.47,5.0,1,"Aqua (Water), Butylene Glycol, Glycereth-26, Niacinamide, Glycerin, 1,2-Hexanediol, Diethoxyethyl Succinate, Hydroxyethyl Urea, Hydroxyacetophenone, Glycereth-25 PCA Isostearate, Glycosyl Trehalose, Hydrogenated Starch Hydrolysate, Melia Azadirachta Leaf Extract, Ethylhexylglycerin, Xanthan Gum, Propanediol, Adenosine, Melia Azadirachta Flower Extract, Coccinia Indica Fruit Extract, Disodium EDTA, Sodium DNA, Hydrolyzed Collagen, Aloe Barbadensis Flower Extract, Solanum Melongena (Eggplant) Fruit Extract, Coptis Japonica Root Extract, Ocimum Sanctum Leaf Extract,Zea Mays (Corn) Kernel Extract, Corallina Officinalis Extract, Curcuma Longa (Turmeric) Root Extract, Sodium Hyaluronate, Hyaluronic Acid, Hydrolyzed Hyaluronic Acid, Terminalia Ferdinandiana (Kakadu Plum) Fruit Extract, Fructan, Glucose, Lecithin, Acetyl Glutamine, Collagen Extract, Bacillus/Soybean Ferment Extract, Caprylyl Glycol, Folic Acid, Hexapeptide-11, Oligopeptide-1, Oligopeptide-2, Oligopeptide-3",NA26250100362,https://www.sociolla.com/toner/92605-pdrn-100-hyaluronic-acid-glow-pad,"Memberikan hidrasi mendalam, Memberikan kilau kulit sehat, Perawatan kulit lembut, Memberikan kelembapan intens, Dua fungsi perawatan dalam satu langkah
"
Skintific,AHA BHA PHA Exfoliating Pads,toner,130ml,209000,135850,0.35,4.8,4,"Aqua (Water), Glycolic Acid, Lactic Acid, Malic Acid, Citric Acid, Salicylic Acid, Gluconolactone, Dipotassium Glycyrrhizate, Niacinamide, Sodium Hydroxide, Peg-40 Hydrogenated Castor Oil, 1,2-Hexanediol, Hydroxyacetophenone, Amylopectin, Glycerin, Dextrin, Hydrogenated Starch Hydrolysate, Hydroxypropyltrimonium Chloride, Xanthan Gum, Butylene Glycol, Lactobacillus/Soymilk Ferment Filtrate, Parfum, Polyglycerin-10, Sodium Chloride, Menthyl Lactate, Sodium Citrate, Pentylene Glycol, Sodium Hyaluronate, Sodium Benzoate",NA11251201488,https://www.sociolla.com/toner/93734-aha-bha-pha-exfoliating-pads,"Menghaluskan kulit, Membersihkan pori-pori, Membantu mencerahkan kulit, Mengangkat sel kulit mati, Membuat tampilan wajah lebih bersih, Memberikan kilau bercahaya, Membantu tampilan kulit tanpa cela
"
I'm From,Rice Toner,toner,150ml,134100,377100,0.1,4.7,1300,"Aqua (Water), 2-Methylpropanediol, Triethylhexanoin, Hydrogenated Poly(C6-14 Olefin), 1,2-Hexanediol, Niacinamide, Pentylene Glycol, Oryza Sativa (Rice) Extract, Glycerin, Hydrogenated Lecithin, Polyglyceryl-10 Myristate, Butylene Glycol, Portulaca Oleracea Extract, Ethylhexylglycerin, Adenosine, Cellulose Gum, Ulmus Davidiana Root Extract, Oryza Sativa (Rice) Bran Extract, Amaranthus Caudatus Seed Extract, Caprylyl Glycol, Tocopherol",NA26251200644,https://www.sociolla.com/toner/58707-i-m-from-best-selling-kit,"Mencerahkan kulit, Merawat elastisitas kulit, Menjaga keseimbangan minyak dan air, Membentuk lapisan pelindung kulit, Mencegah kehilangan air, Mengangkat sel kulit mati, Memberi kilau dan kelembapan, Menyegarkan kulit kering kusam dan lelah, Melembapkan kulit, Melembutkan kulit, Membantu regenerasi sel kulit, Membuat kulit lebih cerah dan halus, Mengencangkan kulit, Mempertahankan elastisitas, Mengecilkan tampilan pori, Mengeksfoliasi sel kulit mati
"
COSRX,Centella Water Alcohol Free Toner,toner,150ml,215000,156950,0.35,4.6,4600,"Aqua (Water), Centella Asiatica Leaf Water, Butylene Glycol, 1,2-Hexanediol, Betaine, Panthenol, Allantoin, Ethyl Hexanediol, Sodium Hyaluronate",NA26221200805,https://www.sociolla.com/toner/55967-centella-water-alcohol-free-toner-buy-1-get-1,"Menenangkan kulit yang iritasi, Menghidrasi kulit, Menutrisi kulit dengan vitamin dan mineral, Formula bebas alkohol
"
Glad2Glow,Perfect Vita C Bright Glow Toner,toner,80ml,45000,45000,0.0,4.6,2,"Aqua (Water), Niacinamide, Peg/Ppg/Polybutylene Glycol-8/5/3 Glycerin, 1,2-Hexanediol, Glycerin, Saccharomyces Ferment Filtrate, Chlorphenesin, Citric Acid, Peg-40 Hydrogenated Castor Oil, 3-O-Ethyl Ascorbic Acid, Disodium EDTA, Sodium Citrate, Sodium Hyaluronate, Parfum, Sodium Hydroxide, Hydroxyacetophenone, Butylene Glycol, Tocopherol, Citrus Reticulata (Tangerine) Fruit Extract, Pyrus Communis (Pear) Fruit Extract",NA11251200672,https://www.sociolla.com/toner/92040-perfect-vita-c-bright-glow-toner,"Mencerahkan kulit, Meratakan warna kulit, Melembapkan kulit, Memberikan tampilan glowing, Membuat kulit tampak sehat, Membuat kulit tampak segar
"
Sulwhasoo,Concentrated Ginseng Rejuvenating Water,toner,150ml,1450000,1450000,0.0,0.0,0,"Aqua (Water), Glycerin, Butylene Glycol, Panax Ginseng Root Water, Alcohol Denat, 1,2-Hexanediol, Glyceryl Polymethacrylate, Niacinamide, Methyl Gluceth-20, Ppg-13-Decyltetradeceth-24, Bis-Peg-18 Methyl Ether Dimethyl Silane, Carbomer, Tromethamine, Propanediol, Mannitol, Ethylhexylglycerin, Sodium Metaphosphate, Parfum, Adenosine, Sodium Hyaluronate, Xanthan Gum, Cellulose Gum, Lycium Chinense Fruit Extract, Pueraria Lobata Root Extract, Linalool, Sodium Chloride, Panax Ginseng Root Extract, Beta-Glucan, Hydrolyzed Ginseng Saponins, Morus Alba Leaf Extract, Rehmannia Glutinosa Root Extract, Paeonia Lactiflora Root Extract, Polygonatum Odoratum Rhizome Extract, Limonene, Nelumbo Nucifera Flower Extract, Lilium Tigrinum Bulb Extract, Tocopherol, Acetyl Tetrapeptide-11, Caprylyl Glycol, Hydrolyzed Soybean Extract, Acetyl Heptapeptide-4, Hexapeptide-9, Acetyl Hexapeptide-8, Sodium Hydroxide, Acetyl Octapeptide-3",NA26242000058,https://www.sociolla.com/toner/91479-concentrated-ginseng-rejuvenating-water,"Melembapkan kulit lebih lama, Menyamarkan tanda-tanda penuaan, Menyeimbangkan pH kulit, Menutrisi kulit kering dan kasar, Memberikan efek segar, Menjaga kelembapan kulit, Anti-aging
"
FACERINNA,Salicylic Acid Acne Toner,toner,100ml,49000,49000,0.0,4.8,9,"Aqua (Water), Disodium EDTA, Niacinamide, Bis-Peg-18 Methyl Ether Dimethyl Silane, 1,2-Hexanediol, Salicylic Acid, Glycerin, Diethoxyethyl Succinate, Saccharomyces Ferment Filtrate, Amylopectin, Dextrin, Chlorphenesin, Xanthan Gum, Sodium Citrate, Panthenol, Sodium Hyaluronate, Citric Acid, Sodium Hydroxide, Hydroxyacetophenone",NA18250107096,https://www.sociolla.com/toner/91858-salicylic-acid-acne-toner,"Menyegarkan kulit wajah, Membersihkan pori-pori, Meratakan tekstur kulit, Mengeksfoliasi pori-pori, Mencerahkan kulit, Memperkecil tampilan pori-pori, Mengurangi minyak berlebih, Lembut di kulit, Cocok untuk kulit berjerawat dan sensitif
"
FACERINNA,Ceramide B5 Balancing Toner,toner,100ml,49000,49000,0.0,0.0,0,"Aqua (Water), Butylene Glycol, Glycerin, 1,2-Hexanediol, Peg/Ppg/Polybutylene Glycol-8/5/3 Glycerin, Saccharomyces Ferment Filtrate, Xanthan Gum, Disodium EDTA, Chlorphenesin, Polyglycerin-10, Dimethicone, Niacinamide, Sodium Hydroxide, Sodium Citrate, Panthenol, Sodium Hyaluronate, Ceramide Np, Citric Acid, Hydrogenated Lecithin, Hydroxyacetophenone, Ethylhexylglycerin",NA18250107683,https://www.sociolla.com/toner/91855-ceramide-b5-balancing-toner,"Melembapkan kulit, Menyegarkan kulit, Memperbaiki lapisan pelindung kulit, Menjaga skin barrier, Mencegah kulit kering, Mencegah iritasi kulit, Memberikan kelembapan ekstra, Menjaga kulit tetap lembut dan kenyal, Cocok untuk semua jenis kulit
"
Skintific,377 Dark Spot Essence Toner,toner,80ml,163000,105950,0.35,4.8,7,"Aqua (Water), Butylene Glycol, Glycerin, 1,2-Hexanediol, Hydroxyacetophenone, Peg-150, Dipotassium Glycyrrhizate, Niacinamide, Pentylene Glycol, Carbomer, Arginine, Peg-40 Hydrogenated Castor Oil, Fructose, Trideceth-9, Allantoin, Disodium EDTA, Tamarindus Indica Seed Polysaccharide, Trehalose, Sodium Chloride, Maltose, Citric Acid, Phenylethyl Resorcinol, Propylene Glycol, Sclareolide, Diglucosyl Gallic Acid, Hydroxyphenyl Propamidobenzoic Acid, Sodium Hydroxide, Glucose, Ascorbyl Palmitate, Silica",NA11251200643,https://www.sociolla.com/toner/91279-377-dark-spot-essence-toner,"Menyamarkan noda hitam, Mencerahkan kulit wajah, Meratakan warna kulit, Meningkatkan hidrasi kulit, Menjaga rona wajah sehat, Membuat kulit tampak halus, Membuat kulit tampak cerah
"
Biodance,CERA-NOL GEL TONER PADS,toner,140g,345000,320000,0.07,5.0,1,"Aqua (Water), Butylene Glycol, 1,2-Hexanediol, Allantoin, Polyglyceryl-10 Laurate, Pentylene Glycol, Arginine, Acrylates/C10-30 Alkyl Acrylate Crosspolymer, Ethylhexylglycerin, Caprylyl Glycol, Disodium EDTA, Ammonium Acryloyldimethyltaurate/VP Copolymer, Maltodextrin, Hydrolyzed Gardenia Florida Extract, Hydrolyzed Hyaluronic Acid, Panthenol, Ceramide NP, 2,3-Butanediol, Hydrogenated Lecithin, Glyceryl Stearate, Sodium Hyaluronate, Cholesterol, Ceramide AS, Ceramide AP, Ceramide NS, Hydroxypropyltrimonium Hyaluronate, Sodium Acetylated Hyaluronate, Hyaluronic Acid, Hydrolyzed Sodium Hyaluronate, Sodium Hyaluronate Crosspolymer, Potassium Hyaluronate, Ceramide EOP  ",NA262412000784,https://www.sociolla.com/toner/91535-cera-nol-gel-toner-pads,"Memberikan hidrasi instan, Menenangkan kulit kering dan sensitif, Membentuk lapisan pelindung kelembapan, Menenangkan kulit berjerawat dan kemerahan, Tidak menimbulkan iritasi, Aman untuk kulit sensitif, Menghidrasi kulit setiap hari
"
Biodance,COLLAGEN GEL TONER PADS,toner,140g,345000,320000,0.07,4.6,2,"Aqua (Water), Collagen Water, Butylene Glycol, 1,2-Hexanediol, Polyglyceryl-10 Laurate, Glycerin, Ethylhexylglycerin, Arginine, Allantoin, Carbomer, Xanthan Gum, Disodium EDTA, Sodium Polyacrylate, Cyanocobalamin, Palmitoyl Tripeptide-5, Hydrolyzed Hyaluronic Acid, Collagen Extract, Hydrolyzed Elastin, Galactomyces Ferment Filtrate, Hyaluronic Acid, sh-Polypeptide-22, sh-Oligopeptide-1, sh-Polypeptide-1, sh-Oligopeptide-2, sh-Polypeptide-3   ",NA26251200029,https://www.sociolla.com/toner/91534-collagen-gel-toner-pads,"Meningkatkan elastisitas kulit, Menghaluskan tampilan pori-pori, Menyerap cepat ke kulit, Mengurangi tanda-tanda penuaan, Melawan radikal bebas, Memberikan hidrasi yang menenangkan, Memberikan efek mendinginkan, Tidak menyebabkan iritasi, Aman untuk kulit sensitif
"
Hayejin,Blessing Of Sprout Radiance Toner,toner,120 ml,302727,189000,0.38,4.7,219,"Aqua (Water), Dipropylene Glycol, 1,2-Hexanediol, Butylene Glycol, Betaine, Methyl Gluceth-20, Panthenol, C12-13 Pareth-9, Carbomer, Tromethamine, Sodium Phytate, Parfum, Ethylhexylglycerin, Nelumbo Nucifera Germ Extract, Sodium Hyaluronate, Ectoin, Synthetic Fluorphlogopite, Agar, Ammonium Acryloyldimethyltaurate/Vp Copolymer, Brassica Campestris Sprout Extract, Brassica Oleracea Italica (Broccoli) Sprout Extract, Sophora Japonica Bud Extract, Triticum Vulgare Sprout Extract, Tin Oxide, Limonene, Hexyl Cinnamal, Linalool, Geraniol, CI 77891 (Titanium Dioxide)",NA26221200313,https://www.sociolla.com/toner/58569-blessing-of-sprout-radiance-toner,"Mencerahkan kulit kusam, Menyamarkan tampilan noda hitam, Memberikan hidrasi pada kulit, Menambah vitalitas kulit yang lelah, Menyehatkan kulit wajah, Hypoallergenic dan lembut di kulit, Cocok untuk semua jenis kulit, Aman untuk kulit sensitif, Mengandung kapsul kecerahan alami, Mengandung ekstrak lotus dan herbal
"
Round Lab,Pine Calming Cica Toner,toner,250ml,299000,284050,0.05,4.8,17,"Aqua (Water), Pinus Densiflora Leaf Extract, Propanediol, Glycerin, Houttuynia Cordata Extract, 1,2-Hexanediol, Butylene Glycol, Hyaluronic Acid, Hydrolyzed Hyaluronic Acid, Sodium Hyaluronate, Glycoproteins, Ethylhexylglycerin, Morinda Citrifolia Leaf Extract, Morinda Citrifolia Flower Extract, Asiaticoside, Asiatic Acid, Madecassoside, Madecassic Acid, Gluconolactone, Capryloyl Salicylic Acid, Sodium Citrate, Hydroxyacetophenone, Disodium EDTA, Citric Acid   ",NA26231200708,https://www.sociolla.com/toner/88740-pine-calming-cica-toner,"Menghidrasi kulit, Menenangkan kulit sensitif, Membantu meredakan iritasi, Memberikan efek menyejukkan, Menjaga kulit tetap lembap, Cocok untuk kulit kemerahan, Lembut untuk penggunaan harian"
LANBENA,Boost Radiance & Hydrating Facial Toner,toner,150ml,259000,186480,0.28,0.0,0,"Aqua (Water), Butylene Glycol, Glycerin, 1,2-Hexanediol, Trehalose, Niacinamide, Bifida Ferment Filtrate, Peg-12 Dimethicone Crosspolymer, Hydroxyacetophenone, Ammonium Acryloyldimethyltaurate/Beheneth-25 Methacrylate Crosspolymer, 2-O-Ethyl Ascorbic Acid, Alpha-Arbutin, Allantoin, Propylene Glycol, Disodium Edta, Peg-40 Hydrogenated Castor Oil, Bacillus/Soybean Ferment Extract, 3-O-Ethyl Ascorbic Acid, Citrus Aurantium Dulcis (Orange) Peel Oil, Citrus Reticulata (Tangerine) Peel Extract, Ascorbic Acid, Ascorbyl Tetraisopalmitate, Ascorbyl Palmitate, Sodium Hyaluronate, Actinidia Chinensis (Kiwi) Fruit Extract, Folic Acid",NA11231201159,https://www.sociolla.com/toner/90350-boost-radiance-and-hydrating-facial-toner,"Memberikan hidrasi jangka panjang, Menutrisi kulit, Mencerahkan kulit kusam, Mengurangi tampilan kusam, Menenangkan kulit sensitif, Memperbaiki kondisi kulit teriritasi, Membantu melembapkan kulit secara intens, Mengandung antioksidan Vitamin C"
Dr.G,Brightening Vita Peeling Pad,toner,160ml,349000,314100,0.1,5.0,4,"Aqua (Water), Dipropylene Glycol,Propanediol, Niacinamide, Gluconolactone, 1,2-Hexanediol, Pentylene Glycol, Tromethamine, Glycerin, Panthenol, Allantoin, Dipotassium Glycyrrhizate, 3-O-Ethyl Ascorbic Acid, Lactobionic Acid, Glyceryl Acrylate/Acrylic Acid Copolymer, Disodium EDTA, Salix Nigra (Willow) Bark Extract, Butylene Glycol, C12-13 Alketh-9, PVM/MA Copolymer, Hamamelis Virginiana (Witch Hazel) Leaf Extract, Methyl Diisopropyl Propionamide, Beta-Glucan",NA26220200245,https://www.sociolla.com/toner/84815-brightening-vita-peeling-pad,"Mengangkat kotoran dan sel kulit mati, Mengeksfoliasi kulit secara lembut, Menjaga kulit tetap ternutrisi"
All Natural,Houttuynia Cordata Cotton Toner Pad,toner,120ml,429000,300300,0.3,4.9,2,"Aqua (Water), Glycerin, Dipropylene Glycol, Methylpropanediol, 1,2-Hexanediol, Houttuynia Cordata Extract, Betaine, Hydroxyacetophenone, Polyglyceryl-10 Laurate, Hydroxyethyl Acrylate/Sodium Acryloyldimethyl Taurate Copolymer, Allantoin, Caprylyl Glycol, Polyglyceryl-10 Myristate, Ethylhexylglycerin, Disodium EDTA, Sorbitan Isostearate, Butylene Glycol, Citrus Aurantium Bergamia (Bergamot) Fruit Oil, Sodium Hyaluronate, Portulaca Oleracea Extract, Dipotassium Glycyrrhizate, Camellia Sinensis (Green Tea) Leaf Extract, Centella Asiatica Extract, Tocopherol",NA26221200918,https://www.sociolla.com/toner/84771-houttuynia-cordata-cotton-toner-pad,"Menyegarkan kulit, Menghidrasi kulit, Menenangkan kulit yang teriritasi ringan, Menjaga kulit tetap lembap"
Hale,Overnight Glow Exfoliating Mousse Solution,toner,45ml,169000,169000,0.0,4.8,1,"Aqua (Water), Lactic Acid, Butylene Glycol, Cocamidopropyl Dimethylamine, Salicylic Acid, Panthenol, Glycerin, Pentylene Glycol, Pachyrhizus Erosus Root Extract, Sodium Hydroxide, 1,2-Hexanediol, Gluconolactone, Allantoin, Propanediol, Ethylhexylglycerin, Sodium Phytate, Tremella Fuciformis (Mushroom) Extract, Ascorbyl Glucoside, Magnesium Chloride, Calcium Gluconate, Tocopherol, Pyridoxine HCl, Yeast Extract, Cyanocobalamin",NA18240113812,https://www.sociolla.com/toner/89984-overnight-glow-exfoliating-mousse-solution,"Mengangkat sel kulit mati, Membersihkan dan membuka pori-pori, Memperbaiki tekstur kulit, Mencerahkan kulit kusam, Menjaga barrier kulit tetap sehat, Menghidrasi kulit, Menenangkan kulit, Melindungi kulit dari polutan, Menyegarkan dan melembutkan kulit, Tidak menimbulkan iritasi, Mengurangi tampilan pori-pori, Cocok untuk kulit sensitif, Praktis digunakan tanpa kapas dan bilas"
Mediheal,Watermide Moisture Pad,toner,150 ml,339000,322050,0.05,4.8,54,"Aqua (Water), Dipropylene Glycol, Glycereth-26, Betaine, Olea Europaea (Olive) Fruit Oil, Abies Sibirica Oil, Rosmarinus Officinalis (Rosemary) Leaf Oil, Salvia Sclarea (Clary) Oil, Anthemis Nobilis Flower Oil, Juniperus Mexicana Oil, Chamomilla Recutita (Matricaria) Flower Oil, Sodium Hyaluronate, Octyldodeceth-16, Sodium PCA, Hydroxyethyl Urea, Xanthan Gum, Sodium Citrate, Allantoin, Citric Acid, Disodium EDTA, Glycerin, Dipotassium Glycyrrhizate, Butylene Glycol, Sorbitol, Beta-Glucan, Serine, Glycine, Squalane, Glutamic Acid, Alanine, Lysine, Arginine, Threonine, Dimethylsilanol Hyaluronate, Hydrolyzed Sodium Hyaluronate, Hydrolyzed Hyaluronic Acid, Potassium Hyaluronate, Proline, Hyaluronic Acid, Sodium Hyaluronate Crosspolymer, Hydroxypropyltrimonium Hyaluronate, Sodium Hyaluronate Dimethylsilanol, Sodium Acetylated Hyaluronate, 1,2-Hexanediol, Hydroxyacetophenone   ",NA26240100017,https://www.sociolla.com/toner/87222-watermide-moisture-pad,"Mengunci kelembapan kulit kering, Meningkatkan hidrasi signifikan, Memberikan efek cooling cepat"
Mediheal,Collagen Ampoule Pad,toner,170 ml,339000,322050,0.05,4.8,84,"Aqua (Water), Glycerin, Glycereth-26, Diphenyl Dimethicone, 1,2- Hexanediol,  Triethylhexanoin, Betaine, Hydroxyacetophenone, Hydrogenated Lecithin, Polyglyceryl-10 Oleate, Hydroxyethyl Urea, Dipotassium Glycyrrhizate, Sodium Citrate, Allantoin, Octyldodeceth-16, Xanthan Gum, Hydroxyethylcellulose, Collagen Extract, Adenosine, Citric Acid, Disodium EDTA, Olea Europaea (Olive) Fruit Oil, Butylene Glycol, Pelargonium Graveolens Flower Oil, Lavandula Angustifolia (Lavender) Oil, Anthemis Nobilis Flower Oil, Citrus Aurantium Dulcis (Orange) Peel Oil, Juniperus Mexicana Oil, Mangifera Indica (Mango) Fruit Extract, Lactobacillus Ferment, Ceramide NP, Milk Protein Extract, Caprylyl Glycol, Tripeptide-1, Acetyl Hexapeptide-8, Copper Tripeptide-1, Palmitoyl Tripeptide-1, Palmitoyl Pentapeptide-4    ",NA26242000002,https://www.sociolla.com/toner/87225-collagen-ampoule-pad,"Meningkatkan elastisitas kulit, Mengurangi tampilan garis halus"
Anua,Peach 77% Niacin Essence Toner,toner,250ml,449000,289000,0.36,4.7,9,"Prunus Persica (Peach) Fruit Extract, 2,3-Butanediol, Aqua (Water), Glycerin, Dipropylene Glycol, Niacinamide, Butylene Glycol, 1,2-Hexanediol, Lactobacillus Ferment, Methylpropanediol, Streptococcus Thermophilus Ferment, Pyrus Malus (Apple) Juice, Bifida Ferment Lysate, Bacillus Ferment, Phellinus Linteus Extract, Xylose, Galactomyces Ferment Filtrate, Alpha-Arbutin, Prunus Persica (Peach) Flower Extract, Sodium Hyaluronate, Hydrolyzed Vegetable Protein, Polyglyceryl-10 Laurate, Propanediol, Squalane, Acrylates/C10-30 Alkyl Acrylate Crosspolymer, Caprylic/Capric Triglyceride, Diphenyl Dimethicone, Triethylhexanoin, Ethylhexylglycerin, Polyglyceryl-10 Stearate, Adenosine, Hydrogenated Lecithin, Dipotassium Glycyrrhizate, Tromethamine, Sodium Polyacrylate, Panthenol, Sodium Hyaluronate Crosspolymer, Ceramide NP, Allantoin, Cyanocobalamin, Polyglutamic Acid, Sodium Stearoyl Glutamate, Tocopherol, Ascorbyl Glucoside, Betaine Salicylate, Ascorbic Acid, Maltodextrin, Glycine, Serine, Glutamic Acid, Aspartic Acid, Leucine, Alanine, Lysine, Arginine, Tyrosine, Phenylalanine, Proline, Threonine, Valine, Isoleucine, Histidine, Cysteine, Methionine, Xanthan Gum, Parfum",NA26241200669,https://www.sociolla.com/toner/88561-peach-77-niacin-essence-toner,"Menghidrasi kulit, Membantu base makeup agar tahan lama dan halus, Memperkuat lapisan kelembapan kulit, Mengangkat sel kulit mati dan membersihkan pori-pori, Membuat kulit halus dan berseri, Mencerahkan kulit, Tidak menyebabkan iritasi, Cocok untuk semua jenis kulit"
Pyunkang Yul,Essence Toner Pad,toner,140 ml,280000,190400,0.32,5.0,1,"Aqua (Water), 1,2-Hexanediol, Butylene Glycol, Astragalus Membranaceus Root Extract, Bis-Peg-18 Methyl Ether Dimethyl Silane, Glycerin, Hydroxyethylcellulose, Allantoin, Sodium Phosphate, Disodium Phosphate,, Polysorbate 60, Sodium Hyaluronate, Lecithin, Caprylic/Capric Triglyceride, Salix Alba (Willow) Bark Extract, Houttuynia Cordata Extract, Centella Asiatica Extract, Ceramide Np",NA26241200166,https://www.sociolla.com/toner/88939-essence-toner-pad,"Membuat kulit tampak sehat dan terasa halus, Membantu mengangkat sel kulit mati, Melembapkan dan menyegarkan kulit wajah, Memberi efek sejuk dan menenangkan, Merawat skin barrier, Direkomendasikan untuk semua jenis kulit, Dapat digunakan sehari-hari"
Beauty of Joseon,Glow Replenishing Rice Milk,toner,150 ml,280000,224000,0.2,4.8,37,"Aqua (Water), Methylpropanediol, Propanediol, 1,2-Hexanediol, Glycerin, Glycereth-26, Polymethyl Methacrylate, Oryza Sativa (Rice) Extract, Coptis Japonica Root Extract, Ulmus Davidiana Root Extract, Amaranthus Caudatus Seed Extract,Ficus Carica (Fig) Fruit Extract, Centella Asiatica Extract, Theobroma Cacao (Cocoa) Seed Extract, Hydrogenated Lecithin, Sodium Hyaluronate, Panthenol, Hydroxyethyl Urea, Aluminum Chlorohydrate, Butylene Glycol, Microcrystalline Cellulose, Sodium Citrate, Kaolin, Ethylhexylglycerin, Dipotassium Glycyrrhizate, Citric Acid, Dextrin, Ceramide NP, Tocopherol, Rice Amino Acids",NA26241200554,https://www.sociolla.com/toner/88574-glow-replenishing-rice-milk,"Membantu meningkatkan kelembapan kulit, Menjaga kulit terhidrasi sepanjang hari, Memberikan hasil akhir segar dan tidak berminyak, Membantu menyamarkan tampilan pori-pori, Bermanfaat untuk kulit rawan berjerawat"
Beauty of Joseon,Green Plum Refreshing Toner: AHA + BHA,toner,150 ml,300000,240000,0.2,4.8,3,"Aqua (Water), Prunus Mume Fruit Water, Dipropylene Glycol, Glycerin, Glycolic Acid, Butylene Glycol, Tromethamine, 1,2-Hexanediol, Salicylic Acid, Hydroxyacetophenone, Octyldodeceth-16, C12-14 Pareth-12, Ethylhexylglycerin, Vigna Radiata Seed Extract, Disodium EDTA, Xanthan Gum, Melia Azadirachta Leaf Extract, Melia Azadirachta Flower Extract, Coccinia Indica Fruit Extract, Ocimum Sanctum Leaf Extract, Curcuma Longa (Turmeric) Root Extract, Aloe Barbadensis Flower Extract, Solanum Melongena (Eggplant) Fruit Extract, Corallina Officinalis Extract",NA26241200303,https://www.sociolla.com/toner/88571-green-plum-refreshing-toner-aha-bha,"Membantu menenangkan kulit yang teriritasi ringan, Membantu mengangkat sel kulit mati, Melembutkan dan menghaluskan kulit wajah, Membantu membersihkan sisa kotoran, Membantu mengoptimalkan penyerapan skincare"
Mediheal,Retinol Collagen Lifting Pad,toner,Tidak ditemukan,359000,359000,0.0,4.8,136,"Aqua (Water), Dipropylene Glycol, Glycereth-26, Betaine, 1,2-Hexanediol, Glycerin, Diphenyl Dimethicone, Hydroxyacetophenone, Triethylhexanoin, Hydrogenated Lecithin, Polyglyceryl-10 Oleate, Allantoin, Octyldodeceth-16, Sphingomonas Ferment Extract, Adenosine, Disodium EDTA, Sodium Polyacrylate, Hydrolyzed Collagen, Lavandula Angustifolia (Lavender) Oil, Phytosterols, Anthemis Nobilis Flower Oil, Retinol, Beta-Glucan, Ceramide NP",NA26242000012,https://www.sociolla.com/toner/80763-retinol-collagen-lifting-pad,"Mengurangi kerutan, Mengencangkan kulit, Mengandung 99% Pure Retinol, Mengandung kolagen molekul rendah 300 Dalton"
Anua,Rice 70 Glow Milky Toner,toner,250ml,449000,299000,0.59,4.7,37,"Oryza Sativa (Rice) Bran Water, Butylene Glycol, Glycerin, Dipropylene Glycol, Niacinamide, Propanediol, Aqua (Water), 1,2-Hexanediol, Methyl Gluceth-20, Panthenol, Betaine, Oryza Sativa (Rice) Extract, Hydroxyacetophenone, Diphenyl Dimethicone, Triethylhexanoin, Hydrogenated Lecithin, Adenosine, Ethylhexylglycerin, Carbomer, Tromethamine, Xanthan Gum, Glyceryl Acrylate/Acrylic Acid Copolymer, Theobroma Cacao (Cocoa) Seed Extract, Sodium Hyaluronate, Hydrolyzed Hyaluronic Acid, Hyaluronic Acid, Dextrin, Hydrolyzed Rice Protein, Oryza Sativa (Rice) Seed Protein, Ceramide NP, Sodium Lauroyl Lactylate, Arbutin, Ascorbic Acid, Allantoin, Ceramide AP, Phytosphingosine, Cholesterol, Ceramide EOP",NA26241200628,https://www.sociolla.com/toner/88559-rice-70-glow-milky-toner,"Mencerahkan kulit kusam dan warna tidak merata, Menyeimbangkan produksi sebum, Menenangkan kulit teriritasi, Memperkuat lapisan kulit, Melembapkan kulit, Mengurangi peradangan, Tekstur ringan seperti susu, Tidak lengket dan menyegarkan, Fragrance-free, Cocok untuk semua jenis kulit"
Biyu,Oil Control Cleanser pH Balanced,facial wash,100ml,124950,99960,0.2,4.7,584,"Aqua (Water), Sodium Cocoamphoacetate, Hamamelis Virginiana Leaf Water, Decyl Glucoside, Polyacrylate Crosspolymer-6, Disodium Cocoyl Glutamate, Glycerin, Zinc PCA, Sericin, Citric Acid, Potassium Sorbate, Sodium Benzoate, Phenoxyethanol, Ethylhexylglycerin, Disodium EDTA",NA18211202530,https://www.sociolla.com/face-wash/57164-oil-control-cleanser?size=100%20ml,"Membersihkan kotoran, Mengontrol minyak berlebih"
Biyu,Pure Gentle Cleanser pH Balanced,facial wash,100ml,124950,99960,0.2,4.7,262,"Aqua (Water), Hamamelis Virginiana Leaf Water, Decyl Glucoside, Sodium Cocoamphoacetate, Disodium Cocoyl Glutamate, Polyacrylate Crosspolymer-6, Glycerin, Sericin, Citric Acid, Dihydroxypropyl Arginine HCl, Phenoxyethanol, Ethylhexylglycerin, Sodium PCA, Disodium EDTA",NA18211202524,https://www.sociolla.com/face-wash/51190-pure-gentle-cleanser?size=100_ml,"Membersihkan kulit secara efektif tanpa membuat kulit kering, Tidak menimbulkan rasa tertarik pada kulit setelah mencuci wajah, Memberikan kelembaban pada kulit"
Sungboon Editor,Sungboon Editor Green Tomato Pore Lifting Ampoule Mask,facial wash,23gr,60000,15000,0.75,4.9,6,"Aqua (Water), Glycerin, Niacinamide, Isopentyldiol, Dipropylene Glycol, Alcohol, Butylene Glycol, Solanum Lycopersicum (Tomato) Fruit Extract, 1,2-Hexanediol, Adenosine, Trehalose, Tocopherol, Panthenol, Allantoin, Acetyl Hexapeptide-8, Copper Tripeptide-1, Palmitoyl Pentapeptide-4, Tripeptide-1, Hexapeptide-9, Palmitoyl Tripeptide-1, Palmitoyl Tripeptide-5, Hydrolyzed Collagen, Erythritol, Bellis Perennis (Daisy) Flower Extract, Xylitylglucoside, Anhydroxylitol, Xylitol, Citrus Aurantium Bergamia (Bergamot) Fruit Oil, Sodium Hyaluronate Crosspolymer, Hydrolyzed Hyaluronic Acid, Hyaluronic Acid, Illicium Verum (Anise) Fruit Extract, Ethylhexylglycerin, Melia Azadirachta Leaf Extract, Melia Azadirachta Flower Extract, Coccinia Indica Fruit Extract, Amber Powder, Solanum Melongena (Eggplant) Fruit Extract, Ocimum Sanctum Leaf Extract, Curcuma Longa (Turmeric) Root Extract, Corallina Officinalis Extract, Moringa Oleifera Seed Oil, Tromethamine, Sodium Hyaluronate, Pinus Palustris Leaf Extract, Ulmus Davidiana Root Extract, Oenothera Biennis (Evening Primrose) Flower Extract, Pueraria Lobata Root Extract, Gluconolactone, Raspberry Ketone, Glucose, Propanediol, Hydrolyzed Glycosaminoglycans, Benzyl Glycol, Polyglyceryl-10 Myristate, Polyglyceryl-10 Laurate, Methylpropanediol, Phenyl Trimethicone, Caprylyl Glycol, Disodium EDTA, Xanthan Gum, Sodium Polyacrylate, Carbomer, Acrylates/C10-30 Alkyl Acrylate Crosspolymer",NA26250200355,https://www.sociolla.com/face-wash/93143-sungboon-editor-green-tomato-pore-lifting-ampoule-mask,"Membantu mengencangkan pori-pori, Memberikan hidrasi mendalam, Mencerahkan kulit kusam"
Dear Klairs,Freshly Juiced Vitamin Mask Cleanser,facial wash,150ml,275000,173300,0.37,0.0,0,"Glycerin, Aqua (Water), Myristic Acid, Potassium Hydroxide, Palmitic Acid, Stearic Acid, Glyceryl Stearate SE, Sorbitan Olivate, Lauric Acid, Sodium Methyl Cocoyl Taurate, Hydroxypropyl Starch Phosphate, Potassium Cocoyl Glycinate, Lauryl Hydroxysultaine, Glycol Distearate, Citrus Unshiu Peel Powder, Dipropylene Glycol, Kaolin, Polyquaternium-7, Hydroxyacetophenone, Citrus Aurantium Dulcis (Orange) Peel Oil, Caprylyl Glycol, Sodium Chloride, Gluconolactone, Sodium Phytate, Melia Azadirachta Flower Extract, Ocimum Sanctum Leaf Extract, Melia Azadirachta Leaf Extract, Curcuma Longa (Turmeric) Root Extract, Corallina Officinalis Extract, Panthenol, Sodium Benzoate, Dipotassium Glycyrrhizate, Niacinamide, Ascorbic Acid, Glutathione, Butylene Glycol, Caprylic/Capric Triglyceride, 1,2-Hexanediol, Hydrogenated Lecithin, Sodium Hyaluronate, Beta-Glucan, Hyaluronic Acid, Hydrolyzed Hyaluronic Acid, Hydroxypropyltrimonium Hyaluronate, Hydrolyzed Sodium Hyaluronate, Potassium Hyaluronate, Pentylene Glycol, Sodium Hyaluronate Crosspolymer, Sodium Acetylated Hyaluronate, Limonene   ",NA26251200595,https://www.sociolla.com/face-wash/94185-freshly-juiced-vitamin-mask-cleanser,"Membersihkan wajah, Membantu mengangkat sel kulit mati, Mencerahkan kulit kusam, Menenangkan kulit, Menjaga kelembaban "
Gemistry,2in1 Double Cleanser Micellar Gel + Face Wash,facial wash,175ml,149000,134100,0.1,4.9,191,"Aqua (Water), Glycerin, Sodium Laureth Sulfate, Cocamidopropyl Betaine, Dipropylene Glycol, Decyl Glucoside, Sodium Chloride, Cocamide Dea, Phenoxyethanol, Allantoin, Chlorphenesin, Maris Aqua (Sea Water), Citric Acid, Disodium Edta, Panthenol, Sodium Benzoate, Ethylhexylglycerin, Sodium Diethylenetriamine Pentamethylene Phosphonate, Sodium Gluceptate, 1,2-Hexanediol, Bifida Ferment Lysate, Lactobacillus Ferment Lysate, Lactococcus Ferment Lysate, Copper Tripeptide-1, Hydrolyzed Collagen, Polyglyceryl-10 Laurate, Nicotinoyl Tripeptide-1, Palmitoyl Pentapeptide-4, Tripeptide-1, Tripeptide-29, Hexapeptide-9, Acetyl Hexapeptide-8, Acetyl Tetrapeptide-2, Acetyl Tetrapeptide-5, Hexapeptide-11, Hexapeptide-67 Palmitate, Octapeptide-2, Palmitoyl Oligopeptide, Pentapeptide-13, Tetrapeptide-44, Tranexamoyl Dipeptide-23, Nicotinoyl Dipeptide-23, Nicotinoyl Dipeptide-24, Tranexamoyl Dipeptide-22, Palmitoyl Tetrapeptide-7, Alanine/Histidine/Lysine Polypeptide Copper Hcl, Hexapeptide-12, Myristoyl Pentapeptide-17, Nicotinoyl Dipeptide-22, Nonapeptide-1, Palmitoyl Tripeptide-5, Ci 14720, Ci 16255, Ci 42090",NA18241210632,https://www.sociolla.com/face-wash/84048-2in1-double-cleanser-micellar-gel-face-wash,"Membersihkan kotoran, Menjaga hidrasi, Merawat elastisitas, Menjaga skin barrier"
Sungboon Editor,Sungboon Editor Green Tomato Deep Pore Clean Enzyme Powder Wash,facial wash,15gr,300000,75000,0.75,4.8,1,"Zea Mays (Corn) Starch, Sodium Cocoyl Isethionate, Sodium Lauroyl Glutamate, Sodium Lauroyl Aspartate, Sodium Cocoyl Glycinate, Camellia Sinensis Leaf Powder, Solanum Lycopersicum (Tomato) Fruit Extract, Trehalose, Allantoin, Maltodextrin, Papain, Glucose, Bromelain, Gluconolactone, Glyceryl Glucoside, Sodium Hyaluronate Crosspolymer, Sodium Hyaluronate, Hydrolyzed Hyaluronic Acid, Glycerin, Hydrolyzed Glycosaminoglycans, Hyaluronic Acid, Glycosphingolipids, Ceramide NP, Pueraria Lobata Root Extract, Pinus Palustris Leaf Extract, Ulmus Davidiana Root Extract, Oenothera Biennis (Evening Primrose) Flower Extract, Benzyl Glycol, Ethylhexylglycerin, Hydrogenated Lecithin, Raspberry Ketone, Butylene Glycol, Propanediol, 1,2-Hexanediol, Aqua (Water) ",NA26251200751,https://www.sociolla.com/face-wash/93142-sungboon-editor-green-tomato-deep-pore-clean-enzyme-powder-wash,"Membersihkan pori-pori, Menjadikan kulit sehat serta halus"
Klavuu,Klavuu Phytoncide Mild Cleansing Foam,facial wash,150ml,220000,220000,0.0,5.0,1,"Chamaecyparis Obtusa Water, Glycerin, Sodium Cocoyl Isethionate, Aqua (Water), Sodium Methyl Cocoyl Taurate, Hydroxypropyl Starch Phosphate, Coco-Betaine, Glycol Distearate, Sodium Cocoyl Glutamate, Potassium Cocoyl Glycinate, TEA-Cocoyl Glutamate, Panthenol, Saccharomyces/Rice Ferment Filtrate, Houttuynia Cordata Extract, Artemisia Princeps Leaf Extract, Butylene Glycol, Cetearyl Alcohol, Glyceryl Stearate, Sodium Chloride, Potassium Cocoate, Citric Acid, Hydroxyacetophenone, Ethylhexylglycerin, 1,2-Hexanediol,   ",NA26251200384,https://www.sociolla.com/face-wash/92212-klavuu-phytoncide-mild-cleansing-foam,"Membersihkan wajah, Memperkuat skin barrier"
Bio Beauty Lab,Capsibright Elixir Bubbling Mask Cleanser,facial wash,75gr,139000,119540,0.14,0.0,0,"Aqua (Water), Disiloxane, Sodium Laureth Sulfate, Cocamidopropyl Betaine, Glycerin, Acrylates Copolymer, Propanediol, Butylene Glycol, Cocamide DEA, Allantoin, Melaleuca Alternifolia (Tea Tree) Leaf Oil, Camellia Sinensis Leaf Water, Rosmarinus Officinalis (Rosemary) Extract, Camellia Sinensis (Green Tea) Leaf Extract, Melaleuca Alternifolia (Tea Tree) Leaf Water, Lavandula Angustifolia Water, Sodium Nitrate, Capsicum Frutescens Fruit Extract, Mentha Piperita (Peppermint) Oil, Cetyl Hydroxyethylcellulose, 1,2-Hexanediol, Sodium Chloride, Aminomethyl Propanol, Parfum, Disodium EDTA, Caprylhydroxamic Acid, Polysorbate 60, Disodium Phosphate, Hydrated Silica, Silica Dimethyl Silylate, Sodium Acetate, Chlorphenesin, 2-Aminobutanol, Phenoxyethanol, CI 42090, Sodium Carboxymethyl Beta-Glucan, CI 16255, CI 19140, Imidazolidinyl Urea, Glyoxal, Ethylhexylglycerin, Methylchloroisothiazolinone, Methylisothiazolinone",NA18241210658,https://www.sociolla.com/face-wash/93747-capsibright-elixir-bubbling-mask-cleanser,"Membersihkan kulit secara mendalam, Mengangkat minyak dan kotoran, Meningkatkan kecerahan kulit"
Kahf,Acne Relief Amino Gel Face Wash,facial wash,100ml,44500,44500,0.0,0.0,0,"Aqua (Water), Glycerin, Sodium C14-16 Olefin Sulfonate, Cocamidopropyl Betaine, Propanediol, Sodium Chloride, Panthenol, Disodium Cocoyl Glutamate, Acrylates/C10-30 Alkyl Acrylate Crosspolymer, Glycolipids, Succinic Acid, Saccharide Isomerate, Beta-Glucan, Avena Sativa (Oat) Kernel Flour, Glycine, Serine, Glutamic Acid, Aspartic Acid, Leucine, Alanine, Lysine, Arginine, Tyrosine, Phenylalanine, Proline, Threonine, Valine, Isoleucine, Histidine, Allantoin, Almond Oil/Polyglyceryl-10 Esters, Polyglyceryl-4 Punicate, Phenoxyethanol, Salicylic Acid, Castoryl Maleate, Caprylyl Glycol, Pentylene Glycol, Hypochlorous Acid, Citric Acid, Sodium Citrate, PEG-40 Hydrogenated Castor Oil, PPG-26-Buteth-26, Sodium Hydroxide, Sodium Benzoate, Disodium EDTA, Parfum, Sodium Metabisulfite, Polyquaternium-10, Ethylhexylglycerin, Menthyl Lactate",NA18251202492,https://www.sociolla.com/face-wash/92497-acne-relief-amino-gel-face-wash,"Membersihkan wajah secara lembut tanpa merusak skin barrier, Membantu mengontrol sebum berlebih, Melawan bakteri penyebab jerawat, Menenangkan kemerahan, Meningkatkan hidrasi"
Kahf,Bright Revitalizing Amino Gel Face Wash,facial wash,100ml,44500,44500,0.0,4.8,2,"Aqua (Water), Glycerin, Sodium C14-16 Olefin Sulfonate, Cocamidopropyl Betaine, Propanediol, Sodium Chloride, Gluconolactone, Niacinamide, Sodium PCA, Trehalose, Disodium Cocoyl Glutamate, Panthenol, Saccharide Isomerate, 3-O-Ethyl Ascorbic Acid, Glycolipids, Glycolic Acid, Glycyrrhiza Glabra (Licorice) Root Extract, Polyquaternium-10, Acrylates/C10-30 Alkyl Acrylate Crosspolymer, Glycine, Serine, Glutamic Acid, Leucine, Alanine, Lysine, Arginine, Tyrosine, Phenylalanine, Proline, Threonine, Valine, Isoleucine, Histidine, Aspartic Acid, Castoryl Maleate, Allantoin, Propylene Glycol, Disodium EDTA, Sodium Metabisulfite, Phenoxyethanol, Potassium Hydroxide, Ethylhexylglycerin, Menthyl Lactate, Citric Acid, PEG-40 Hydrogenated Castor Oil, PPG-26-Buteth-26, Parfum, Sodium Benzoate, Almond Oil/Polyglyceryl-10 Esters, Polyglyceryl-4 Punicate, Sodium Citrate",NA18251202219,https://www.sociolla.com/face-wash/92495-bright-revitalizing-amino-gel-face-wash,"Membersihkan wajah secara lembut tanpa merusak skin barrier, Membantu melawan radikal bebas, Mendukung regenerasi kulit, Mengangkat sel kulit mati secara ringan, Mencerahkan kulit, Menjaga hidrasi dan ketahanan alami kulit"
Round Lab,1025 Dokdo Cleanser,facial wash,150ml,199000,149250,0.25,4.7,11,"Aqua (Water), Sodium Cocoyl Isethionate, Glycerin, Sodium Methyl Cocoyl Taurate, Coco-Betaine, Potassium Cocoyl Glycinate, Potassium Benzoate, Sodium Chloride, Polyquaternium-67, Potassium Cocoate, Citric Acid, Fructooligosaccharides, Saccharide Hydrolysate, Disodium EDTA, Pullulan, 1,2-Hexanediol, Allantoin, Panthenol, Sea Water, Sodium Acetate, Butylene Glycol, Chamomilla Recutita (Matricaria) Flower Oil, Caprylic/Capric Triglyceride, Beta-Glucan, Phosphatidylcholine, Hyaluronic Acid, Ethylhexylglycerin, Ceramide NP, Glycine, Hydrolyzed Hyaluronic Acid, Glutamic Acid, Serine, Sodium Hyaluronate, Lysine, Alanine, Arginine, Threonine, Proline    ",NA26231200764,https://www.sociolla.com/face-wash/56827-round-lab-1025-dokdo-cleanser-150ml,"Membersihkan kulit secara menyeluruh, Menjaga kelembaban, Menjaga keseimbangan skin barrier, Menenangkan kulit, Memberikan rasa nyaman"
LANBENA,Retinol Rejuvenating Cleanser,facial wash,100ml,94800,78684,0.17,0.0,0,"Sodium Cocoyl glycinate, Aqua (Water), Glycerin, Potassium Cocoyl Glycinate, Disodium Cocoyl Glutamate, Citric Acid, Polyquaternium-7, Phenoxyethanol, Acrylates Copolymer, Ethylhexylglycerin, Niacinamide, Sodium Hyaluronate, Retinol, Parfum  ",NA11251201509,https://www.sociolla.com/face-wash/93182-retinol-rejuvenating-cleanser,"Membersihkan wajah secara mendalam hingga ke pori-pori, Membantu merawat tanda penuaan seperti garis halus, Menghidrasi kulit, Menjaga kulit tetap terasa lembut, Menjaga kulit tetap terasa kenyal, Menjaga kulit tetap terasa nyaman tanpa rasa kering atau tertarik setelah mencuci wajah"
Senka,Perfect Whip Fresh,facial wash,100gr,67500,64125,0.05,4.5,3400,"Aqua (Water), Stearic Acid, Peg-8, Myristic Acid, Potassium Hydroxide, Glycerin, Lauric Acid, Alcohol, Butylene Glycol, Glyceryl Stearate Se, Polyquaternium-7, Parfum, Disodium EDTA, Sodium Benzoate, Sodium Metabisulfite, Peg/Ppg-14/7 Dimethyl Ether, Sodium Hyaluronate, Camellia Sinensis (Green Tea) Leaf Extract, CI 19140 (Yellow 5), CI 61570 (Green 5), Sodium Acetylated Hyaluronate, Sericin, Citric Acid, Potassium Sorbate, Hydrolyzed Silk   ",NA54231200020,https://www.sociolla.com/face-wash/93093-perfect-whip-fresh-twinpack,"Membantu membersihkan kotoran, Mengontrol minyak berlebih pada wajah"
Senka,Perfect Whip Acne Care Twinpack,facial wash,100gr,86500,83905,0.03,4.6,1400,"Aqua (Water), Stearic Acid, Myristic Acid, Peg-8, Potassium Hydroxide, Lauric Acid, Glycerin, Dipropylene Glycol, Alcohol, Salicylic Acid, Beeswax, Polyquaternium-7, Parfum, Disodium Edta, Peg-90M, Sodium Benzoate, Sodium Metabisulfite, CI 15985 (Yellow 6), CI 61570 (Green 5), Peg/Ppg-14/7 Dimethyl Ether, Sodium Hyaluronate, Butylene Glycol, Sericin, Citric Acid, Potassium Sorbate, CI 17200 (Red 33), Sodium Acetylated Hyaluronate, Bht, Silica, Chamomilla Recutita (Matricaria) Flower Extract   ",NA54231200018,https://www.sociolla.com/face-wash/93092-perfect-whip-acne-care-twinpack,"Membersihkan sisa makeup, Membersihkan pori-pori tersumbat, Membersihkan sebum berlebih, Membersihkan sel kulit mati penyebab jerawat, Membuat wajah terasa lembut, Membuat wajah terasa sehat, Membuat wajah terasa lembap, Membuat wajah terasa ternutrisi"
Senka,Perfect Whip Low pH Calming Cica Twinpack,facial wash,100gr,86500,79850,0.08,3.9,2,"Aqua (Water), Glycerin, Dipropylene Glycol, Cocamidopropyl Betaine, Butylene Glycol, Bentonite, Sodium Methyl Cocoyl Taurate, Potassium Cocoyl Glutamate, Xanthan Gum, Phenoxyethanol, Citric Acid, Parfum, Sodium Citrate,CI 77288 (Chromium Oxide Green), Sodium Metabisulfite, Bis-Ethoxydiglycol Cyclohexane 1,4-Dicarboxylate, Sodium Acetylated Hyaluronate, Centella Asiatica Leaf/Stem Extract, Sodium Hyaluronate, Sericin, Glycine Soja (Soybean) Seed Extract, Potassium Sorbate, Tocopherol",NA54241200014,https://www.sociolla.com/face-wash/93090-perfect-whip-low-ph-calming-cica-twinpack,"Membersihkan wajah, Membantu mengangkat kotoran, Menenangkan kulit, Menjaga kelembaban, Memperkuat skin barrier"
COSRX,Salicylic Acid Daily Gentle Cleanser,facial wash,150ml,155000,100750,0.35,4.7,10300,"Aqua (Water), Glycerin, Myristic Acid, Stearic Acid, Potassium Hydroxide, Lauric Acid, Butylene Glycol, Glycol Distearate, Polysorbate 80, Sodium Methyl Cocoyl Taurate, Salicylic Acid, Cocamidopropyl Betaine, PEG-60 Hydrogenated Castor Oil, Parfum, Sodium Chloride, Melaleuca Alternifolia (Tea Tree) Leaf Oil, Caprylyl Glycol, Ethylhexylglycerin, Salix Alba (Willow) Bark Water, Saccharomyces Ferment, Cryptomeria Japonica Leaf Extract, Nelumbo Nucifera Leaf Extract, Pinus Palustris Leaf Extract, Ulmus Davidiana Root Extract, Oenothera Biennis (Evening Primrose) Flower Extract, Pueraria Lobata Root Extract, 1,2-Hexanediol, Ethyl Hexanediol, Citric Acid, Disodium EDTA",NA26181202688,https://www.sociolla.com/face-wash/55964-salicylic-acid-daily-gentle-cleanser-buy-1-get-1,"Membersihkan wajah dengan busa lembut, Membantu melawan jerawat, Mengontrol minyak berlebih, Mengeksfoliasi sel kulit mati, Merawat kekencangan kulit, Menjaga kenyamanan kulit tanpa membuat kulit terasa kering"
Senka,Perfect Whip Low pH Calming Cica,facial wash,100gr,86500,79580,0.08,3.9,2,"Aqua (Water), Glycerin, Dipropylene Glycol, Cocamidopropyl Betaine, Butylene Glycol, Bentonite, Sodium Methyl Cocoyl Taurate, Potassium Cocoyl Glutamate, Xanthan Gum, Phenoxyethanol, Citric Acid, Parfum, Sodium Citrate, CI 77288 (Chromium Oxide Green), Sodium Metabisulfite, Bis-Ethoxydiglycol Cyclohexane 1,4-Dicarboxylate, Sodium Acetylated Hyaluronate, Centella Asiatica Leaf/Stem Extract, Sodium Hyaluronate, Sericin, Glycine Soja (Soybean) Seed Extract, Potassium Sorbate, Tocopherol",NA54241200014,https://www.sociolla.com/face-wash/84953-sua-rua-mat-rau-ma-diu-nhe-ph-trung-tinh-senka-perfect-whip-low-ph-calming-cica-100g,"Membersihkan wajah secara efektif dengan busa melimpah, Membantu mengangkat kotoran, Menenangkan kulit, Menjaga kelembaban, Memperkuat skin barrier"
Anua,Hyaluronic Acid Gentle Foaming Cleanser,facial wash,150ml,399000,219000,0.45,0.0,0,"Aqua (Water), Glycerin, Sodium Cocoyl Glycinate, Lauryl Hydroxysultaine, Coco-Glucoside, Sodium Lauroyl Glutamate, Quillaja Saponaria Bark Extract, Hydrolyzed Vegetable Protein, Hydroxypropyltrimonium Hyaluronate, Sodium Hyaluronate, Hydrolyzed Hyaluronic Acid, Sodium Acetylated Hyaluronate, Hyaluronic Acid, Hydrolyzed Sodium Hyaluronate, Sodium Hyaluronate Crosspolymer, Potassium Hyaluronate, Panthenol, Zinc Pca, Decyl Glucoside, Hectorite, Pentylene Glycol, Caprylyl Glycol, Hydroxypropyl Starch Phosphate, 1,2-Hexanediol, Betaine, Polyquaternium-67, Acrylates/C10-30 Alkyl Acrylate Crosspolymer, Citric Acid, Sodium Chloride, Sodium Phytate, Sodium Cocoyl Isethionate, Maltodextrin  ",NA26241200857,https://www.sociolla.com/face-wash/91327-hyaluronic-acid-gentle-foaming-cleanser,"Membersihkan wajah secara lembut, Memberikan hidrasi intensif, Membantu memperkuat skin barrier, Mengontrol minyak dan kemerahan, Meningkatkan elastisitas kulit, Meningkatkan kehalusan kulit"
Glad2Glow,Tremella Vita B5 Sensitive Calming Gel Cleanser,facial wash,70ml,39000,39000,0.0,3.5,1,"Aqua (Water), Glycerin, Acrylates Copolymer, Sodium Cocoyl Alaninate, Panthenol, Centella Asiatica Leaf Extract, Hydroxyacetophenone, 1,2-Hexanediol, Potassium Hydroxide, Allantoin, Tremella Fuciformis Sporocarp Extract, Sodium Hyaluronate, Cetyl Alcohol, Maltooligosyl Glucoside, Citrus Paradisi (Grapefruit) Peel Oil, Citrus Aurantium Bergamia (Bergamot) Fruit Oil, Styrene/Acrylates Copolymer",NA11241201006,https://www.sociolla.com/face-wash/91425-tremella-vita-b5-sensitive-calming-gel-cleanser,"Membersihkan wajah secara lembut tanpa rasa tertarik, Membantu menenangkan kemerahan, Menjaga dan meningkatkan kelembapan, Memperkuat kenyamanan dan kesehatan skin barrier"
Facetology,Triple Care Acne Calm Cleanser,facial wash,100ml,64000,64000,0.0,5.0,3,"Aqua (Water), Acrylates Copolymer, Glycerin, Cocamidopropyl Betaine, Sodium C14-16 Olefin Sulfonate, Sodium Cocoyl Isethionate, Glycol Distearate, Sodium Lauroyl Sarcosinate, Butylene Glycol, Allantoin, Chlorphenesin, Zinc Pyrithione, Panthenol, Styrene/Acrylates Copolymer, Salicylic Acid, Bisabolol,Chamomilla Recutita (Matricaria) Flower Oil, Tetrasodium EDTA, Sodium Benzoate, Amylopectin, Sodium Sulfate, Hexadecene, Tetradecene, Dextrin, Xanthan Gum, Sodium Polynaphthalenesulfonate, Phenoxyethanol, Oryza Sativa (Rice) Bran Oil, Succinic Acid, Sodium Chloride, Citric Acid, Saccharum Officinarum Extract",NA18241210486,https://www.sociolla.com/face-wash/91233-triple-care-acne-calm-cleanser,"Membersihkan wajah secara efektif, Membantu meredakan fungal acne, Membantu meredakan jerawat, Membantu meredakan komedo, Menjaga kelembapan kulit"
Dancing Whale,Clear Cleansing Foam,facial wash,120ml,240000,194400,0.19,4.3,2,"Aqua (Water), Myristic Acid, Glycerin, Methylpropanediol, Potassium Hydroxide,Coco-Glucoside, Lauric Acid, Palmitic Acid, Stearic Acid, Glyceryl Stearate,Sorbitan Olivate, Parfum, Ethylhexylglycerin, Butylene Glycol, Disodium EDTA, Polyquaternium-7, Hydrogenated Lecithin, 1,2-Hexanediol, Propanediol,Ficus Carica (Fig) Fruit Extract, Centella Asiatica Extract, Ulmus Davidiana Root Extract, Amaranthus Caudatus Seed Extract, Sodium Benzoate, Portulaca Oleracea Extract, Ecklonia Cava Extract, Acmella Oleracea Extract, Ceramide NP,Salvia Hispanica Seed Extract, Calendula Officinalis Flower Extract,Tocopherol, Gaultheria Procumbens (Wintergreen) Leaf Extract, Anthemis Nobilis Flower Extract, Allantoin, Trehalose, Rosmarinus Officinalis (Rosemary) Extract, Undaria Pinnatifida Extract, Persea Gratissima (Avocado) Oil, Borago Officinalis Seed Oil, Lactic Acid, Phenoxyethanol, Eucalyptus Globulus Leaf Extract, Camellia Sinensis Seed Oil, Nephrite Powder",NA26241200756,https://www.sociolla.com/face-wash/91250-clear-cleansing-foam,"Membersihkan pori-pori secara mendalam dengan busa mikro, Membantu mengangkat kotoran, Membantu mengangkat sebum, Membantu mengangkat sel kulit mati, Memperbaiki tampilan pori-pori, Memperbaiki keseimbangan minyak, Memberikan kelembapan, Memberikan nutrisi, Memberikan perlindungan antioksidan"
Neutrogena,Hydro Boost Water Gel Cleanser,facial wash,145ml,135000,135000,0.0,4.8,10,"Aqua (Water), Glycerin, Cocamidopropyl Hydroxysultaine, Sodium Cocoyl Isethionate, Sodium Methyl Cocoyl Taurate, Sodium Hydrolyzed Potato Starch Dodecenylsuccinate, Acrylates Copolymer, Hydroxyacetophenone, Phenoxyethanol, Parfum, Linoleamidopropyl PG-Dimonium Chloride Phosphate, Polyquaternium-10, Polysorbate 20, Sodium Hydroxide, Disodium EDTA, Citric Acid, Ethylhexylglycerin, Hydrolyzed Hyaluronic Acid",NA26241200626,https://www.sociolla.com/face-wash/89835-hydro-boost-water-gel-cleanser,"Membersihkan wajah secara efektif dari kotoran, Membersihkan wajah secara efektif dari minyak, Membersihkan wajah secara efektif dari riasan, Menjaga skin barrier, Meningkatkan dan mengunci hidrasi kulit, Membuat kulit terasa bersih, Membuat kulit terasa segar, Membuat kulit terasa kenyal tanpa menyebabkan iritasi"
Round Lab,Pine Calming Cica Cleanser,facial wash,150ml,199000,189050,0.05,4.9,34,"Aqua (Water), Glycerin, Hydrogenated Palm Acid, Potassium Hydroxide, Potassium Cocoyl Glycinate,Camellia Sinensis (Green Tea) Leaf Extract, Cladosiphon Okamuranus Extract, Salix Alba (Willow) Bark Extract, Coffea Arabica (Coffee) Seed Extract, Citrus Aurantium Bergamia (Bergamot) Leaf Extract, Salicylic Acid, Centella Asiatica Leaf Extract, Pinus Densiflora Leaf Extract, Centella Asiatica Extract, Hyaluronic Acid, Hydrolyzed Hyaluronic Acid, Sodium Hyaluronate, Butylene Glycol, Ethylhexylglycerin, Gardenia Florida Fruit Extract, Glycoproteins, Capryloyl Salicylic Acid, Asiatic Acid, Asiaticoside, Madecassic Acid, Madecassoside, Glyceryl Stearate, Dextrin, Decyl Glucoside, Acrylates/C10-30 Alkyl Acrylate Crosspolymer, 1,2-Hexanediol, Sodium Phytate    ",NA26231200953,https://www.sociolla.com/face-wash/88739-pine-calming-cica-cleanser,"Membersihkan debu, Membersihkan kotoran, Membersihkan minyak berlebih, Mengangkat sel kulit mati yang menyumbat pori, Membantu menjaga keseimbangan kelembapan kulit"
Ariul,Smooth & Pure Deep Clean Cleansing Foam,facial wash,80ml,59000,51920,0.12,4.8,278,"Aqua (Water), Palmitic Acid, Stearic Acid, Myristic Acid, Glycerin, Lauric Acid, Potassium Hydroxide, Sorbitan Olivate, Cocamide DEA, Disodium EDTA, Acrylates/C10-30 Alkyl Acrylate Crosspolymer, Helianthus Annuus (Sunflower) Seed Oil, Daucus Carota Sativa (Carrot) Root Extract, Anthemis Nobilis Flower Extract, Butylene Glycol, Malus Domestica Fruit Extract, Myrciaria Dubia Fruit Extract, Brassica Oleracea Capitata (Cabbage) Leaf Extract, Hordeum Vulgare Extract, Pinus Sylvestris Bud Extract, Brassica Rapa (Turnip) Leaf Extract, Raphanus Sativus (Radish) Seed Extract, Brassica Oleracea Italica (Broccoli) Sprout Extract, 1,2-Hexanediol, Chlorphenesin, Phenoxyethanol, Parfum",NA26231200642,https://www.sociolla.com/face-wash/90203-bundle-duo-cleansing-foam-ariul,"Membersihkan wajah secara menyeluruh dengan busa lembut bermagnet, Membantu mengangkat kotoran, Membantu mengangkat partikel debu di pori-pori, Membantu mengangkat makeup, Menjaga kulit tetap lembut, Menjaga kulit tetap nyaman setelah dibersihkan"
Senka,Perfect Whip Collagen in,facial wash,120 gr,92000,87400,0.05,4.7,951,"Aqua (Water), Stearic Acid, Myristic Acid, PEG-8, Hydroxylated Lanolin, Lauric Acid, Glycerin, Dipropylene Glycol, Beeswax, Polyquaternium-7, PEG-90m, PEG/PPG-14/7 Dimethyl Ether, Sodium Hyaluronate, Sodium Acetylated Hyaluronate, Hydrolyzed Silk, Collagen Water, Alcohol Denat, Polyquaternium-112, Tetrasodium EDTA, Sodium Sulfite, Silica, BHT, Citric Acid, Sorbic Acid, Sodium Benzoate, Phenoxyethanol, Parfum, CI 77492 (Iron Oxides Yellow)",NA22231200149,https://www.sociolla.com/face-wash/25251-perfect-whip-collagen-in,"Membersihkan wajah secara lembut, Merawat kulit, Meningkatkan elastisitas kulit, Meningkatkan kekenyalan kulit, Menjaga kelembapan tahan lama, Membantu memperkuat dan melindungi skin barrier"
All Natural,Houttuynia Cordata Cleansing Foam,facial wash,120ml,279000,181350,0.35,3.5,2,"Aqua (Water), Propanediol, Ethylhexyl Methoxycinnamate, Ethylhexyl Salicylate, Dibutyl Adipate, Bis-Ethylhexyloxyphenol Methoxyphenyl Triazine, Diethylamino Hydroxybenzoyl Hexyl Benzoate, Cyclopentasiloxane, Behenyl Alcohol, Cetearyl Alcohol, Cyclohexasiloxane, Terephthalylidene Dicamphor Sulfonic Acid, Potassium Cetyl Phosphate, Tromethamine, Silica, Dipropylene Glycol, Dimethicone, Hydroxyacetophenone, 1,2-Hexanediol, Caprylyl Glycol, Acrylates/C10-30 Alkyl Acrylate Crosspolymer, Ammonium Acryloyldimethyltaurate/VP Copolymer, Dimethicone/Vinyl Dimethicone Crosspolymer, Houttuynia Cordata Extract, Xanthan Gum, Ethylhexylglycerin, Disodium EDTA, Glycerin, Butylene Glycol, Caprylic/Capric Triglyceride, Dipotassium Glycyrrhizate, Hydrogenated Lecithin, Centella Asiatica Extract, Phytosteryl/Octyldodecyl Lauroyl Glutamate, Ceramide NP, Tocopherol, Sodium Hyaluronate",NA26221200909,https://www.sociolla.com/face-wash/84774-houttuynia-cordata-cleansing-foam," Membersihkan kulit wajah dari kotoran,  Membersihkan sisa make-up, Merawat kelembapan kulit"
I'm From,Rice Whip Facial Cleanser Set,facial wash,150ml + 30ml,499000,499000,0.0,4.9,4,"Glycerin, Aqua (Water), Sodium Cocoyl Isethionate, Myristic Acid, Potassium Cocoyl Glycinate, Niacinamide, Methylpropanediol, Polyquaternium-7, Butylene Glycol, Ethylhexylglycerin, Caprylyl Glycol, 1,2-Hexanediol, Oryza Sativa (Rice) Extract, Disodium EDTA, Oryza Sativa (Rice) Bran Extract, Steareth-30, Sodium Benzoate, Caramel, Gluconolactone, Salicylic Acid, Capryloyl Salicylic Acid, Lactic Acid, Dextrin",NKIT240002656,https://www.sociolla.com/face-wash/88453-rice-whip-facial-cleanser-set,"Membersihkan wajah secara lembut, Membantu mengangkat kotoran tanpa iritasi, Menjaga kelembapan kulit setelah mencuci, Mendukung kulit terasa lebih lembut, Mendukung kulit terasa lebih cerah, Mendukung kulit terasa lebih bercahaya"
Neutrogena,Oil-Free Acne Wash,facial wash,175 ml,183700,183700,0.0,4.4,196,"Aqua (Water), Sodium C14-16 Olefin Sulfonate, Cocamidopropyl Betaine, Salicylic Acid, PEG-80 Sorbitan Laurate, Benzalkonium Chloride, C12-15 Alkyl Lactate, Disodium EDTA, Parfum, Cocamidopropyl PG-Dimonium Chloride Phosphate, Propylene Glycol, Aloe Barbadensis Leaf Extract, Anthemis Nobilis Flower Extract, Chamomilla Recutita (Matricaria) Flower Extract, CI 19140, CI 16035 (Red 40)",NA26231200409,https://www.sociolla.com/face-wash/32316-oil-free-acne-wash,"Membersihkan wajah secara efektif, Merawat kulit berjerawat, Membantu mengurangi minyak berlebih, Membersihkan pori-pori tersumbat"
Innisfree,Vitamin C Green Tea Enzyme Brightening Pad,serum,170ml,350000,350000,0.0,4.8,3,"Aqua (Water), Butylene Glycol, Glycerin, Niacinamide, 1,2-Hexanediol, Panthenol, Allantoin, Magnesium Ascorbyl Phosphate, Hydroxyethylcellulose, Citric Acid, Ethylhexylglycerin, Polyglyceryl-10 Laurate, Dipropylene Glycol, Dipotassium Glycyrrhizate, Sodium Phytate, Dextrin, Sodium Hyaluronate, Sodium Citrate, Gluconolactone, Methyl Diisopropyl Propionamide, Propanediol, Cyclodextrin, Beta-Glucan, Protease, Citrus Reticulata (Tangerine) Peel Extract, Tocopherol, Glutathione, Ferulic Acid, Madecassoside ",NA26241900034,https://www.sociolla.com/face-serum/93155-vitamin-c-green-tea-enzyme-brightening-pad,"Memudarkan tampilan noda hitam, Meratakan warna kulit"
Ariul,Ariul Watermelon Hydro Vital Sun Serum,serum,50 ml,175000,175000,0.0,4.5,5,"Aqua (Water), Butylene Glycol, Glycerin, 1,2-Hexanediol, Panthenol, Ammonium Acryloyldimethyltaurate/VP Copolymer, Bis-Ethoxydiglycol Cyclohexane 1,4-Dicarboxylate, Erythritol, Xylitol, Ammonium Acryloyldimethyltaurate/Beheneth-25 Methacrylate Crosspolymer, Chlorphenesin, Polyglyceryl-10 Laurate, Polyglyceryl-4 Laurate, Polyquaternium-51, Citrullus Vulgaris (Watermelon) Fruit Extract, Adenosine, Caprylyl/Capryl Glucoside, Disodium EDTA, Parfum, Sodium Hyaluronate, Hyaluronic Acid, Sodium PCA, Oenothera Biennis (Evening Primrose) Flower Extract, Pinus Palustris Leaf Extract, Pueraria Lobata Root Extract, Ulmus Davidiana Root Extract, Ascorbic Acid, Biotin, Cyanocobalamin, Niacinamide, Riboflavin",NA26251700082,https://www.sociolla.com/face-serum/91116-ariul-watermelon-hydro-vital-sun-serum,"Melembabkan kulit, Memberikan efek glowing, Menghasilkan tampilan kulit yang segar, Menghasilkan tampilan kulit yang dewy, Memberikan tekstur ringan di kulit"
Anua,PDRN Hyaluronic Acid Capsule 100 Serum,serum,30ml,658000,399000,0.39,0.0,0,"Aqua (Water), Butylene Glycol, Propanediol, Glycerin, hydrolyzed hyaluronic acid, 1,2-hexanediol, niacinamide, Glyceryl Oleate, Lauryl Glucoside, myristyl glucoside, Polyglyceryl-6 laurate, hydrogenated lecithin, Hydrolyzed collagen, Sodium hyaluronate, coptis japonica root extract, adenosine, Melia azadirachta leaf extract, melia azadirachta flower extract, coccinia indica fruit extract, Glutathione, Sodium DNA, Solanum Melongena (Eggplant) Fruit Extract, Hyaluronic acid, Hydrolyzed Sodium Hyaluronate, hydroxypropyltrimonium hyaluronate, Sodium Hyaluronate, sodium hyaluronate crosspolymer, ocimum sanctum leaf extract, Citric Acid, curcuma longa (turmeric) root extract, Corallina officinalis extract, Sodium Citrate, pentylene glycol, sodium acetylated hyaluronate",NA26250100251,https://www.sociolla.com/face-serum/92603-pdrn-hyaluronic-acid-capsule-100-serum,"Melembapkan kulit secara intensif, Meningkatkan kelembutan kulit, Meningkatkan elastisitas kulit, Memberikan kilau alami"
Caudalie,Vinopure Blemish Salicylic Serum,serum,30ml,810000,810000,0.0,5.0,1,"Aqua (Water), Rosa Damascena Flower Water, Alcohol, Niacinamide, Butylene Glycol, Palmitoyl Grape Seed Extract, Xanthan Gum, Salicylic Acid, Sodium Hyaluronate, Tocopherol, Pelargonium Graveolens Flower Oil, Sodium Hydroxide, Mentha Piperita (Peppermint) Oil, Citral, Cymbopogon Citratus Leaf Oil, Rosmarinus Officinalis (Rosemary) Leaf Oil, Citronellol, Geraniol, Sodium Phytate, Linalool, Lavandula Hybrida Oil, Melissa Officinalis Leaf Oil, Limonene",NC14250100072,https://www.sociolla.com/face-serum/92877-vinopure-blemish-salicylic-serum,"Mengurangi noda dan jerawat, Membersihkan serta mengecilkan tampilan pori-pori, Mengontrol minyak berlebih, Memperhalus tekstur kulit, Memberikan hasil akhir kulit yang lebih bersih, Memberikan hasil akhir kulit yang seimbang, Memberikan hasil akhir kulit yang tampak sehat tanpa kilap"
Elsheskin,15% Vitamin C + Glow Advance Serum,serum,20ml,250000,130000,0.48,5.0,3,"Aqua (Water), Ethyl Ascorbic Acid, Glycerin, Alpha-Arbutin, Pentylene Glycol, Artemisia Capillaris Leaf Extract, Camellia Sinensis (Green Tea) Leaf Extract, Mel (Honey) Extract, Phenoxyethanol, Sodium Benzoate, Caffeine, Helianthus Annuus (Sunflower) Sprout Extract, Terminalia Ferdinandiana (Kakadu Plum) Fruit Extract, Chlorphenesin, Rubus Idaeus (Raspberry) Fruit Extract, Sodium Bisulfite, Tocopheryl Acetate, Xanthan Gum, Buteth-3, Daucus Carota Sativa (Carrot) Root Extract, Ferulic Acid, Polyacrylate Crosspolymer-6, Tetrasodium EDTA, Arginine, Hydrolyzed Algin, Sodium Hyaluronate, Tributyl Citrate, Ethylhexylglycerin, Hyaluronic Acid, Hydrolyzed Hyaluronic Acid, Hydrolyzed Sodium Hyaluronate, Hydroxypropyltrimonium Hyaluronate, Potassium Hyaluronate, Sodium Acetylated Hyaluronate, Sodium Hyaluronate Crosspolymer, Sodium Benzotriazolyl Butylphenol Sulfonate",NA18251900022,https://www.sociolla.com/face-serum/92207-15-vitamin-c-glow-advance-serum,"Mencerahkan kulit secara optimal, Membantu menyamarkan noda hitam, Membantu menyamarkan kemerahan, Meratakan warna kulit, Melindungi kulit dari paparan eksternal"
COSRX,The Hyaluronic Acid 3 Serum,serum,20 ml,279000,203670,0.27,4.7,199,"Aqua (Water), Butylene Glycol, Propanediol, Glycerin, Sodium Hyaluronate, Pentylene Glycol, 1,2-Hexanediol, Diethoxyethyl Succinate, Sodium Polyacryloyldimethyl Taurate, Betaine, Xanthan Gum, Dimethicone, Hydroxyethyl Acrylate/Sodium Acryloyldimethyl Taurate Copolymer, Sodium PCA, Sodium Lactate, Sodium PCA, Glyceryl Acrylate/Acrylic Acid Copolymer, Hydrogenated Lecithin, Ethylhexylglycerin, Serine, Alanine, Glycine, Sodium Phytate, Sorbitan Isostearate, PVM/MA Copolymer, Glutamic Acid, Citric Acid, Lysine HCl, Threonine, Arginine, Sodium Methyl Stearoyl Taurate, Proline, Ceramide NP, Cholesterol, Caprylic/Capric Triglyceride, Phytosphingosine, Stearic Acid, Oleic Acid, Alcohol, Tocopherol, Lactic Acid, Caprylyl Glycol, Caprylhydroxamic Acid",NA26222000050,https://www.sociolla.com/face-serum/68930-the-hyaluronic-acid-3-serum,"Memberikan hidrasi intensif pada kulit, Membantu memperkuat skin barrier, Membantu menjaga kekencangan skin barrier, Membuat kulit terasa lebih lembap, Membuat kulit terasa lebih halus, Membuat kulit terasa lebih nyaman"
Sulwhasoo,Concentrated Ginseng Brightening Serum,serum,30ml,1900000,1900000,0.0,0.0,0,"Aqua (Water), Alcohol Denat, Propanediol, Peg/Ppg-17/6 Copolymer, Polyglycerin-3, Dimethicone, Glycerin, Cetyl Ethylhexanoate, Niacinamide, Phytosteryl/Octyldodecyl Lauroyl Glutamate, 1,2-Hexanediol, Butylene Glycol, Phenyl Trimethicone, Caprylyl Methicone, C14-22 Alcohols, Glyceryl Stearate, Peg-100 Stearate, Polymethyl Methacrylate, Vinyl Dimethicone/Methicone Silsesquioxane Crosspolymer, Sodium Polyacryloyldimethyl Taurate, Hydroxyethyl Acrylate/Sodium Acryloyldimethyl Taurate Copolymer, Carbomer, Parfum, C12-20 Alkyl Glucoside, Thymol Trimethoxycinnamate, CI 77891 (Titanium Dioxide), Cetearyl Alcohol, Tromethamine, Glyceryl Caprylate, Dimethiconol, Synthetic Fluorphlogopite, Disodium Edta, Ethylhexylglycerin, Adenosine, Mica, Methoxy PEG-114/Poly(Epsilon-Caprolactone), Morus Alba Root Extract, Linalool, Sorbitan Isostearate, Polysorbate 60, Tranexamic Acid, Panax Ginseng Root Extract, Limonene, Hydrolyzed Ginseng Saponins, Mel (Honey) Extract, Rehmannia Glutinosa Root Extract, Phenoxyethanol, Paeonia Lactiflora Root Extract, Lilium Candidum Bulb Extract, Polygonatum Odoratum Rhizome Extract, Tin Oxide, Glucose, Nelumbo Nucifera Flower Extract, Tocopherol ",NA26221900044,https://www.sociolla.com/face-serum/77840-concentrated-ginseng-brightening-serum,"Membantu menyamarkan flek hitam, Membantu mengatasi kulit kusam, Meratakan rona kulit, Meningkatkan kecerahan kulit, Merawat elastisitas kulit, Merawat kepadatan kulit"
Elsheskin,Daily Boost Antioxidant Serum,serum,15 ml,153000,84150,0.45,4.6,127,"Aqua (Water), 3-O-Ethyl Ascorbic Acid, Propylene Glycol, Glycerin, Propanediol, Diisopropyl Adipate, Lecithin, Acrylic Acid/Acrylamidomethyl Propane Sulfonic Acid Copolymer, Dimethylmethoxy Chromanol, Glyceryl Caprylate, Xanthan Gum, Caesalpinia Spinosa Fruit Pod Extract, Phenoxyethanol, Helianthus Annuus Sprout Extract, Sodium Benzoate, Camellia Sinensis (Green Tea) Leaf Extract, Ethylhexylglycerin, PEG-400, Dimethyl Isosorbide, Tocopheryl Acetate, Melanin, Pentylene Glycol, Polyglutamic Acid, Carbomer, Ferulic Acid, Hyaluronic Acid, Disodium EDTA, PEG-40 Hydrogenated Castor Oil",NA18211903438,https://www.sociolla.com/face-serum/62177-daily-boost-antioxidant-serum,"Melindungi kulit dari radikal bebas, Melindungi kulit dari paparan lingkungan, Membantu menjaga kesehatan kulit, Membantu menjaga kecerahan kulit, Memberikan hidrasi ringan"
LANBENA,Retinol Rejuvenating Serum,serum,30ml,190800,158364,0.17,0.0,0,"Aqua (Water), glycerin, niacinamide, butylene glycol, dimethicone, pentylene glycol, panthenol, squalane, triethylhexanoin, tocopheryl acetate, retinyl acetate, hydroxyacetophenone, 1,2-hexanediol, sodium hyaluronate,Glycine Soja (Soybean) Oil, peg-40 stearate, cetearyl dimethicone, laureth-3, retinyl palmitate, retinol, disodium edta, steareth-2, steareth-21, Ceramide np, acetyl dipeptide-1 cetyl ester, tocopherol, Ethylhexylglycerin, Arachis Hypogaea (Peanut) Oil, scutellaria alpina flower/leaf/stem extract, ceramide ap, CI 15985 (Yellow 6), ceramide eop, Helianthus Annuus (Sunflower) Seed Oil, sodium hydroxide, Acrylates/C10-30 Alkyl Acrylate Crosspolymer, CI 77492 (Iron Oxides Yellow), Triethoxycaprylylsilane, parfum  ",NA11252000022,https://www.sociolla.com/face-serum/93180-retinol-rejuvenating-serum,"Membantu melawan tanda penuaan, Mempercepat regenerasi kulit, Mengurangi kerutan, Mengurangi garis halus, Mengencangkan kulit, Meningkatkan elastisitas kulit, Menyamarkan noda, Menyamarkan hiperpigmentasi"
COSRX,The Vitamin C 23 Serum,serum,20gr,279000,231570,0.17,4.6,1100,"Aqua (Water), Ascorbic Acid, Propanediol, Dimethicone, Tromethamine, Panthenol, Ethyl Ascorbyl Ether, Squalane, Caffeine, Sodium Chloride, Sodium Hyaluronate, Sodium Sulfite, Disodium EDTA, Glutathione, Adenosine, Acetyl Glucosamine, Gardenia Florida Fruit Extract, Allantoin, Dextrin, Tocotrienols, Tocopherol, Elaeis Guineensis (Palm) Oil, Butylene Glycol, Arginine, Niacinamide, Pentylene Glycol, Alcohol Denat, Helianthus Annuus (Sunflower) Seed Oil, Glycyrrhiza Glabra (Licorice) Root Extract, Methyl Trimethicone, Carthamus Tinctorius (Safflower) Seed Oil, Camellia Japonica Seed Oil, Daucus Carota Sativa (Carrot) Root Extract, Beta-Carotene",NA26222000054,https://www.sociolla.com/face-serum/79489-the-vitamin-c-23-serum-set-of-2,"Mencerahkan kulit, Memudarkan bekas jerawat, Membantu mengurangi garis halus, Membuat kulit tampak lebih segar, Membuat kulit tampak lebih bercahaya"
Dr.G,Dr.G RTX Into Serum Vitaminshot,serum,50ml,599000,599000,0.0,4.4,2,"Aqua (Water), Butylene Glycol, Glycerin, Niacinamide, Dipropylene Glycol, Propanediol, 1,2-Hexanediol, Xylitol, Simmondsia Chinensis (Jojoba) Seed Oil, C12-14 Alketh-12, Hydrolyzed Sponge, Squalane, Chlorella Vulgaris Extract, Glucose, Hydrogenated Polyisobutene, Ammonium Acryloyldimethyltaurate/VP Copolymer, Carbomer, Hydrogenated Lecithin, Allantoin, Fructooligosaccharides, Fructose, Panthenol, Trehalose, Solanum Lycopersicum (Tomato) Fruit Extract, Tromethamine, Ethylhexylglycerin, Xanthan Gum, Adenosine, Dipotassium Glycyrrhizate, Sodium Hyaluronate, Sodium Phytate, Beta-Glucan, Ascorbic Acid, Cellulose, Tocopherol, Polyglutamic Acid, Malus Domestica Fruit Cell Culture Extract   ",NA26251900043,https://www.sociolla.com/face-serum/91298-dr-g-rtx-into-serum-vitaminshot,"Menutrisi dan mencerahkan kulit, Menenangkan iritasi, Membantu memperbaiki tampilan tekstur kulit"
Dr.G,Dr.G RTX Into Serum Hyalshot,serum,50ml,599000,599000,0.0,0.0,0,"Aqua (Water), Dipropylene Glycol, Glycerin, Butylene Glycol, 1,2-Hexanediol, Niacinamide, Methylpropanediol, Betaine, Panthenol, Hydrolyzed Sponge, Ammonium Acryloyldimethyltaurate/VP Copolymer, Hydroxyethyl Urea, Acrylates/C10-30 Alkyl Acrylate Crosspolymer, Tromethamine, Xanthan Gum, Ethylhexylglycerin, Polyquaternium-51, Adenosine, Disodium Edta, Hydrolyzed Hyaluronic Acid, Sodium Hyaluronate, Beta-Glucan, Tocopherol, Mandelic Acid, Malus Domestica Fruit Cell Culture Extract  ",NA26250100229,https://www.sociolla.com/face-serum/91297-dr-g-rtx-into-serum-hyalshot,"Memberikan hidrasi intens, Membuat kulit terasa lebih kenyal, Membuat kulit terasa lebih halus, Meningkatkan kelembapan kulit"
Dr.G,Dr.G RTX Into Serum Peptishot,serum,50ml,599000,599000,0.0,4.3,1,"Aqua (Water), Glycerin, Propanediol, 1,2-Hexanediol, Methyl Trimethicone, Niacinamide, Pentaerythrityl Tetraethylhexanoate, Squalane, Methylpropanediol, Hydroxyethyl Acrylate/Sodium Acryloyldimethyl Taurate Copolymer, Polyglyceryl-3 Methylglucose Distearate, Polyglyceryl-6 Distearate, Hydrolyzed Sponge,Acrylates/C10-30 Alkyl Acrylate Crosspolymer, Hydrogenated Lecithin, Glyceryl Stearate, Candelilla/Jojoba/Rice Bran Polyglyceryl-3 Esters, Tromethamine, Xanthan Gum, Collagen Amino Acids, Ethylhexylglycerin, Adenosine, Glyceryl Acrylate/Acrylic Acid Copolymer, Sorbitan Isostearate, Haematococcus Pluvialis Extract, Disodium Edta, Sodium Hyaluronate, Beta-Glucan, Tocopherol, Copper Tripeptide-1, Butylene Glycol, Caprylic/Capric Triglyceride, Macadamia Ternifolia Seed Oil, Retinal, Cholesterol, Polyglyceryl-10 Laurate, Brassica Campestris (Rapeseed) Sterols, Silica, Aluminum/Magnesium Hydroxide Stearate, Ceramide NP, Potassium Cetyl Phosphate, Pentaerythrityl Tetra-Di-T-Butyl Hydroxyhydrocinnamate, Malus Domestica Fruit Cell Culture Extract   ",NA26250100230,https://www.sociolla.com/face-serum/91299-dr-g-rtx-into-serum-peptishot,"Mendukung elastisitas kulit, Merawat kelembapan, Membantu mengurangi tanda-tanda penuaan ringan"
Glad2Glow,Perfect Vita C Bright Glow Serum,serum,17ml,49000,49000,0.0,4.8,2,"Aqua (Water), Dipropylene Glycol, Glycerin, Betaine, Pentylene Glycol, 3-O-Ethyl Ascorbic Acid, Diethoxyethyl Succinate, Peg-60 Hydrogenated Castor Oil, Hydroxyacetophenone, 1,2-Hexanediol, Butylene Glycol, Citrus Reticulata (Tangerine) Fruit Extract, Parfum, Sodium Polyacryloyldimethyl Taurate, Xanthan Gum, Sodium Citrate, Propanediol, Sodium Hyaluronate, Disodium EDTA, Potassium Hydroxide, Crocus Sativus Flower Extract, Beta-Glucan, Ci 19140, Ethylhexylglycerin, CI 16035 (Red 40)",NA11251900043,https://www.sociolla.com/face-serum/92041-perfect-vita-c-bright-glow-serum,"Mencerahkan kulit, Meratakan rona kulit, Menyamarkan noda gelap, Menjaga kelembapan kulit"
Skintific,10% Pure Vitamin C Brightening Serum,serum,9+1gr,209000,135850,0.35,4.9,25,"Ascorbic Acid, Aqua (Water), Erythritol, Dipropylene Glycol, Pentylene Glycol, Butylene Glycol, Glycerin, Propanediol, Hydrolyzed Algae Extract, Malt Extract, Diglucosyl Gallic Acid, Citric Acid",NKIT250001190,https://www.sociolla.com/face-serum/92110-10-pure-vitamin-c-brightening-serum,"Mencerahkan kulit, Memudarkan noda hitam, Memudarkan blemishes, Memperhalus tekstur kulit,  Memberikan tampilan kulit lebih berseri"
Elsheskin,Radiant Advance Serum,serum,20ml,165000,123750,0.25,4.7,131,"Aqua (Water), Niacinamide, Tranexamic Acid, Butylene Glycol, Propanediol, Undecylenoyl Phenylalanine, Phytic Acid, Dipropylene Glycol, Glycerin, Alpha-Arbutin, Arbutin, Citric Acid, Sodium Sulfite, Acetyl Tyrosine, Saxifraga Sarmentosa Extract, Paeonia Suffruticosa Root Extract, Aminopropyl Ascorbyl Phosphate, Scutellaria Baicalensis Root Extract, Glutathione, Sodium Palmitoyl Proline, Nymphaea Alba Flower Extract, Dipeptide Diaminobutyroyl Benzylamide Diacetate, Lactic Acid, Hydroxyethyl Acrylate/Sodium Acryloyldimethyl Taurate Copolymer, Polyacrylamide, C13-14 Isoparaffin, Laureth-7, Hexapeptide-2, Kojic Acid, Acetyl Glucosamine, Arisaema Amurense Extract, Decyl Glucoside, 1,2-Hexanediol, Phenylethyl Resorcinol, Phenoxyethanol, Ethylhexylglycerin, Allantoin, Glycyrrhiza Glabra (Licorice) Root Extract, Farnesol, Linalool, Sodium Metabisulfite, Sodium Bisulfite, Disodium EDTA",NA18231901807,https://www.sociolla.com/face-serum/90742-radiant-glow-bright,"Mencerahkan kulit, Membantu meratakan warna kulit, Mengurangi tanda penuaan dini, Meningkatkan elastisitas kulit, Meningkatkan kesehatan kulit"
KAIE,Even Tone + Radiance Renew Serum,serum,15 ml,139000,102000,0.27,0.0,0,"Aqua (Water), Niacinamide, Glycerin, 1,2-Hexanediol, Glycereth-26, Pentylene Glycol, Panthenol, Ammonium Acryloyldimethyltaurate/VP Copolymer, Tranexamic Acid, Propanediol, Ethylhexylglycerin, Citric Acid, Disodium EDTA, Tremella Fuciformis (Mushroom) Extract, Ascorbyl Glucoside, Magnesium Chloride, Calcium Gluconate, Pyridoxine HCl, Tocopherol, 3-O-Ethyl Ascorbic Acid, Yeast Extract, Hyaluronic Acid, Sodium Hyaluronate, Hydrolyzed Hyaluronic Acid, Butylene Glycol, Glycyrrhiza Uralensis (Licorice) Root Extract, Cyanocobalamin, Phenoxyethanol, Hydrogenated Lecithin, Laurdimonium Hydroxypropyl Hydrolyzed Wheat Protein, Phytosterols, Ceramide NP",NA18240107391,https://www.sociolla.com/face-serum/91764-even-tone-radiance-renew-serum,"Membantu meratakan rona kulit, Meningkatkan kecerahan kulit, Memberikan hidrasi, Memberikan kenyamanan pada kulit wajah"
KAIE,Hydra Booster + Daily Moisture Serum,serum,15 ml,139000,102000,0.27,4.8,1,"Aqua (Water), Glycerin, 1,2-Hexanediol, Pentylene Glycol, Panthenol, Ammonium Acryloyldimethyltaurate/VP Copolymer, Caprylic/Capric Triglyceride, Hydrogenated Lecithin, Propanediol, Ethylhexylglycerin, Sodium Citrate, Citric Acid, Disodium EDTA, Ceramide NP, Tremella Fuciformis (Mushroom) Extract, Ascorbyl Glucoside, Magnesium Chloride, Calcium Gluconate, Pyridoxine HCl, Tocopherol, Yeast Extract, Hyaluronic Acid, Sodium Hyaluronate, Hydrolyzed Hyaluronic Acid, Butylene Glycol, Cyanocobalamin, Phenoxyethanol, Laurdimonium Hydroxypropyl Hydrolyzed Wheat Protein, Phytosterols",NA18240107392,https://www.sociolla.com/face-serum/91767-hydra-booster-daily-moisture-serum,"Memberikan hidrasi intensif, Membantu menjaga kadar kelembapan kulit sepanjang hari, Mendukung tekstur kulit yang lembut,  Mendukung tekstur kulit yang kenyal"
KAIE,Blemish Care + Pore Refining Serum,serum,15 ml,139000,71000,0.49,0.0,0,"Aqua (Water), Butylene Glycol, Niacinamide, Centella Asiatica Leaf Water, 1,2-Hexanediol, Salicylic Acid, Pentylene Glycol, Panthenol, Polysorbate 20, Sodium Hydroxide, Tromethamine, Hydroxyethylcellulose, Propanediol, Citric Acid, Ethylhexylglycerin, Allantoin, Disodium EDTA, Tremella Fuciformis (Mushroom) Extract, Ascorbyl Glucoside, Disodium Phosphate, Polysorbate 60, Magnesium Chloride, Sodium Phosphate, Calcium Gluconate, Pyridoxine HCl, Tocopherol, Salix Alba (Willow) Bark Extract, Yeast Extract, Cyanocobalamin, Hydrogenated Lecithin, Laurdimonium Hydroxypropyl Hydrolyzed Wheat Protein, Phytosterols, Ceramide NP   ",NA18240108161,https://www.sociolla.com/face-serum/91770-blemish-care-pore-refining-serum,"Mengurangi tampilan blemish, Mengurangi tampilan pori-pori, Membantu memperhalus tekstur kulit, Mendukung rutinitas perawatan kulit yang lebih bersih"
Anua,7 Rice Ceramide Hydrating Barrier Serum,serum,50ml,498000,349000,0.3,4.8,1,"Oryza Sativa (Rice) Bran Water, Dipropylene Glycol, Glycerin, Methylpropanediol, Aqua (Water), Butylene Glycol, Methyl Gluceth-10, Niacinamide, 1,2-Hexanediol, Panthenol, Hydroxyethyl Urea, Pentylene Glycol, Sodium Polyacrylate, Oryza Sativa (Rice) Extract, Caprylic/Capric Triglyceride, Carbomer, Hydrogenated Lecithin, Ethylhexylglycerin, Polyquaternium-51, Adenosine, Allantoin, Sodium Phytate, Xanthan Gum, Ceramide NP, Sodium Hyaluronate, Alpha-Arbutin, Angelica Keiskei Extract, Corchorus Olitorius Leaf Extract, Dioscorea Japonica Root Extract, Hibiscus Esculentus Fruit Extract, Nelumbo Nucifera Root Extract, Beta-Glucan, Tocopherol, Defatted Rice Bran Extract, Arbutin, Zinc Stearate, Defatted Rice Bran, Oryza Sativa (Rice) Bran Extract, Hydrolyzed Rice Protein, Oryza Sativa (Rice) Seed Protein, Mel (Honey) Extract, Hyaluronic Acid, Hydrolyzed Hyaluronic Acid
",NA26250100205,https://www.sociolla.com/face-serum/91758-7-rice-ceramide-hydrating-barrier-serum,"Memberikan hidrasi intensif, Membantu memperkuat skin barrier, Mengurangi produksi sebum berlebih, Menjadikan kulit tampak lebih lembap, Menjadikan kulit tampak bercahaya"
Anua,Niacinamide 10% + TXA 3% Serum,serum,30ml,578000,319000,0.51,4.5,26,"Aqua (Water), Glycerin, Niacinamide, Methylpropanediol, Tranexamic Acid, 1,2-Hexanediol, Arbutin, Sodium Hyaluronate, Xanthan Gum, Ethylhexylglycerin, Carbomer, Potentilla Anserina Extract, Ammonium Acryloyldimethyltaurate/Vp Copolymer, Adenosine, Tromethamine, Polyquaternium-51, Avena Sativa (Oat) Kernel Extract, Cynara Scolymus (Artichoke) Leaf Extract, Beta-Glucan, Hydrogenated Lecithin, Camellia Sinensis Leaf Water, Disodium Edta, Alpha-Arbutin, Cyanocobalamin, Lactococcus Ferment Lysate, Fructooligosaccharides, Butylene Glycol, Centella Asiatica Extract, Cyperus Rotundus Root Extract,Tocopherol, Melaleuca Alternifolia (Tea Tree) Leaf Extract, Sodium Chloride, Propanediol, Dimethylsilanol Hyaluronate, Hydrolyzed Hyaluronic Acid, Hydrolyzed Sodium Hyaluronate, Hyaluronic Acid, Potassium Hyaluronate, Ceramide Np, Sodium Hyaluronate Crosspolymer, Hydroxypropyltrimonium Hyaluronate, Sodium Hyaluronate Dimethylsilanol, Sodium Acetylated Hyaluronate, Sucrose Distearate, Caprylic/Capric Triglyceride, Hydroxypropyl Cyclodextrin, Centella Asiatica Leaf Extract, Saccharomyces Ferment, Centella Asiatica Root Extract, Asiaticoside, Madecassoside, Madecassic Acid, Asiatic Acid",NA26251900042,https://www.sociolla.com/face-serum/91069-niacinamide-10-txa-3-serum,"Mencerahkan kulit, Membantu meratakan warna kulit, Membantu memudarkan noda hitam, Membantu memudarkan hiperpigmentasi"
Mediheal,Vitamin C Brightening Serum with Niacinamide,serum,40 ml,299000,299000,0.0,4.9,35,"Aqua (Water), Glycerin, Butylene Glycol, Propanediol, 1,2-Hexanediol, Niacinamide, Glyceryl Polymethacrylate, Panthenol, Betaine, Polyglyceryl-10 Laurate, Acrylates/C10-30 Alkyl Acrylate Crosspolymer, Diphenyl Dimethicone, Triethylhexanoin, Tromethamine, Madecassoside, Ethylhexylglycerin, Hydrogenated Lecithin, Xanthan Gum, Sodium Hyaluronate, Centella Asiatica Extract, Asiaticoside, Pyrus Communis (Pear) Fruit Extract, Juniperus Virginiana Oil, Centella Asiatica Leaf Extract, Beta-Glucan, Rosa Damascena Flower Water, Cucumis Melo (Melon) Fruit Extract, Iris Florentina Root Extract, Hedera Helix (Ivy) Leaf/Stem Extract, Simmondsia Chinensis (Jojoba) Seed Oil, Pogostemon Cablin Oil, Artemisia Vulgaris (Mugwort) Oil, Rosmarinus Officinalis (Rosemary) Leaf Oil, Tocopherol, Dipropylene Glycol, Pentylene Glycol, Caprylyl/Capryl Glucoside, Madecassic Acid, Asiatic Acid, Ceramide NP",NA26241900078,https://www.sociolla.com/face-serum/90145-vitamin-c-brightening-serum-with-niacinamide,"Mencerahkan kulit, Meratakan warna kulit, Membantu menyamarkan noda, Membantu menyamarkan hyperpigmentasi, Memberikan tampilan lebih glowing"
Wardah,Lift Regenerating Serum,serum,30ml,249000,224100,0.1,4.9,4,"Aqua (Water), Niacinamide, Glycerin, Dimethicone, Methyl Gluceth-20, Butylene Glycol, Cetyl Alcohol, Arachidyl Alcohol, Phenoxyethanol, Hydroxypropyl Tetrahydropyrantriol, Behenyl Alcohol, Polyacrylate-13, Allantoin, Bisabolol, Phenyl Trimethicone, Propanediol, Arachidyl Glucoside, Chlorphenesin, Polyisobutene, Caprylic/Capric Triglyceride, Sodium Hyaluronate, Polysorbate 20, Disodium EDTA, Pentylene Glycol, Carbomer, Deoxyphytantriyl Palmitamide MEA, Hydrogenated Lecithin, Ceramide NP, Cholesterol, Aminomethyl Propanol, 1,2-Hexanediol, Centella Asiatica Leaf Vesicles, Palmitoyl Tripeptide-1, Palmitoyl Tetrapeptide-7, Sodium DNA, Oligopeptide-1",NA18242000770,https://www.sociolla.com/face-serum/91629-lift-regenerating-serum,"Meningkatkan regenerasi sel kulit, Membantu mengurangi tampilan tanda penuaan seperti garis halus, Memperbaiki tekstur kulit"
Wardah,Radiant Resurfacing Serum,serum,30ml,249000,224100,0.1,4.8,6,"Aqua (Water), Glycolic Acid, Potassium Hydroxide, Niacinamide, Phenoxyethanol, Chlorphenesin, Trideceth-9, PEG-40 Hydrogenated Castor Oil, Propylene Glycol, Ethylhexylglycerin, Tocopheryl Acetate, Ulva Lactuca Extract, Polysorbate 20, Glycerin, Parfum, Glycyrrhiza Glabra (Licorice) Root Extract, Potassium Sorbate, Sodium Benzoate",NA18242000769,https://www.sociolla.com/face-serum/91628-radiant-resurfacing-serum,"Menyamarkan tekstur tidak merata, Memperbaiki kilau kulit, Membantu memperhalus kulit, Memberikan tampilan lebih glowing"
Sulwhasoo,Concentrated Ginseng Rejuvenating Serum,serum,50ml,2950000,2950000,0.0,0.0,0,"Aqua (Water), Butylene Glycol, Glycerin, Methyl Gluceth-20, Cetyl Ethylhexanoate, Behenyl Alcohol, Betaine, 1,2-Hexanediol, Methoxy PEG-114/Poly(Epsilon-Caprolactone), Niacinamide, Carbomer, Tromethamine, Phenyl Trimethicone, Caprylyl Methicone, Jojoba Esters, Parfum, Hydrolyzed Ginseng Saponins, Glyceryl Caprylate, Phenoxyethanol, Arachidyl Alcohol, Ethylhexylglycerin, Dextrin, Theobroma Cacao (Cocoa) Extract, Sodium Metaphosphate, Linalool, Arachidyl Glucoside, Panthenol, Mannitol, Panax Ginseng Seed Oil, Glycine Soja (Soybean) Oil, Panax Ginseng Root Extract, Sodium Chloride, Panax Ginseng Leaf/Stem Extract, Limonene, Rehmannia Glutinosa Root Extract, Paeonia Lactiflora Root Extract, Panax Ginseng Flower Extract, Polygonatum Odoratum Rhizome Extract, Nelumbo Nucifera Flower Extract, Retinol, Propanediol, Lilium Tigrinum Bulb Extract, Hydrogenated Lecithin, Sodium Hyaluronate, Tocopherol, Caprylyl Glycol, Pentaerythrityl Tetra-Di-T-Butyl Hydroxyhydrocinnamate, Phytosphingosine, Sodium Polyaspartate, Hydrolyzed Hyaluronic Acid, Acetyl Heptapeptide-4, Sodium Hyaluronate Crosspolymer, Acetyl Tetrapeptide-11, Sodium Methyl Stearoyl Taurate, Hyaluronic Acid, Acetyl Hexapeptide-8, Sodium Hydroxide, Hexapeptide-9, Sodium Acetylated Hyaluronate, Acetyl Octapeptide-3   ",NA26242000060,https://www.sociolla.com/face-serum/91470-concentrated-ginseng-rejuvenating-serum,"Membantu melawan tanda-tanda penuaan, Meningkatkan kekenyalan kulit, Meningkatkan elastisitas kulit, Membuat kulit terasa lebih halus, Membuat kulit tampak lebih muda"
Skintific,Radiance Booster Serum Spray,serum,100ml,181000,117650,0.35,4.8,171,"Bifida Ferment Filtrate, Lactobacillus Ferment, Isododecane, Niacinamide, Butylene Glycol, Glycerin, 1,2-Hexanediol, Squalane, Diphenylsiloxy Phenyl Trimethicone, Hydroxyacetophenone, Aqua (Water), Peg/Ppg/Polybutylene Glycol-8/5/3 Glycerin, Ectoin, Panthenol, Centella Asiatica Leaf Extract, Sodium Chloride, Olea Europaea (Olive) Leaf Extract, Tuber Magnatum Extract, Ceramide Ap, Ceramide As, Ceramide Eop, Ceramide Np, Ceramide Ns, Sodium Hyaluronate, Thermus Thermophillus Ferment, Hippophae Rhamnoides (Sea Buckthorn) Fruit Oil, Laminaria Digitata Extract, Saccharide Isomerate, Hydrogenated Lecithin, Polyglycerin-10, Caprylhydroxamic Acid, Cholesterol, Ethylhexylglycerin, Cetyl-Pg Hydroxyethyl Palmitamide, Phenoxyethanol, Parfum, Citric Acid, Sodium Citrate",NA11240100454,https://www.sociolla.com/face-serum/89348-radiance-booster-serum-spray,"Memberikan hidrasi intensif, Menenangkan kulit, Membantu menjaga skin barrier, Membantu memperkuat skin barrier, Membuat kulit tampak lebih bercahaya, Membuat kulit tampak segar, Membuat kulit tampak muda, Memberikan efek mengencangkan"
Numbuzin,No.1 Pantothenic B5 Active Soothing Serum,serum,50ml,450000,247500,0.45,3.6,2,"Aqua (Water), Butylene Glycol, Niacinamide, Glycerin, Dipropylene Glycol, 1,2-Hexanediol, Panthenol, Sophora Angustifolia Root Extract, Acrylates/C10-30 Alkyl Acrylate Crosspolymer, Propanediol, Diethoxyethyl Succinate, Tromethamine, Hydrogenated Lecithin, Ammonium Acryloyldimethyltaurate/VP Copolymer, Betaine, Pantothenic Acid, Trehalose, Ethylhexylglycerin, Glyceryl Oleate, Sodium Phytate, Allantoin, Alpha-Arbutin, Houttuynia Cordata Extract, Lauryl Glucoside, Myristyl Glucoside, Polyglyceryl-6 Laurate, Zinc PCA, Melia Azadirachta Leaf Extract, Tocopherol, Glycyrrhiza Uralensis (Licorice) Root Extract, Melia Azadirachta Flower Extract, Coccinia Indica Fruit Extract, Centella Asiatica Extract, Sodium Hyaluronate, Citric Acid, Solanum Melongena (Eggplant) Fruit Extract, Beta-Glucan, Ocimum Sanctum Leaf Extract, Hyaluronic Acid, Decyl Glucoside, Curcuma Longa (Turmeric) Root Extract, Corallina Officinalis Extract, Dipotassium Glycyrrhizate, Hydrolyzed Hyaluronic Acid, Simmondsia Chinensis (Jojoba) Seed Oil,Camellia Sinensis (Green Tea) Leaf Extract, Pinus Densiflora Leaf Extract",NA26250100033,https://www.sociolla.com/face-serum/89962-tinh-chat-cap-am-numbuzin-no-1-pantothenic-b5-active-soothing-serum,"Memberikan hidrasi cepat, Memberikan hidrasi tahan lama, Menenangkan kulit, Mendukung keseimbangan kulit yang rentan berjerawat"
FACERINNA,2% Salicylic Acid Acne Serum,serum,20ml,69000,69000,0.0,4.6,1523,"Aqua (Water), Butylene Glycol, Glycerin, Salicylic Acid, Acacia Senegal Gum, Niacinamide, Caprylic/Capric Glycerides Polyglyceryl-10 Esters, Hydroxyacetophenone, 1,2-Hexanediol, Pentylene Glycol, Hydrolyzed Sclerotium Gum, Prunus Amygdalus Dulcis (Sweet Almond) Oil, O-Cymen-5-Ol, Madecassoside, Hydroxyphenyl Propamidobenzoic Acid, Hydrogenated Lecithin, Quaternium-73, Citric Acid",NA18250107449,https://www.sociolla.com/face-serum/91862-2-salicylic-acid-acne-serum,"Membantu melawan jerawat, Membersihkan pori-pori, Menghambat bakteri penyebab jerawat, Membantu mencerahkan bekas jerawat, Menenangkan kulit, Mengontrol minyak berlebih"
FACERINNA,10% Niacinamide 3% TXA Bright Dark Spot Serum,serum,20ml,69000,69000,0.0,5.0,1,"Aqua (Water), Niacinamide, Propylene Glycol, Butylene Glycol, Glycerin, Pentylene Glycol, Tranexamic Acid, Panthenol, Dimethicone, 1,2-Hexanediol, Diethoxyethyl Succinate, Trisiloxane, Polyglyceryl-10 Myristate, Diglycerin, Polyacrylate Crosspolymer-6, Acrylates/C10-30 Alkyl Acrylate Crosspolymer, Lactobacillus/Soymilk Ferment Filtrate, Carbomer, Dipropylene Glycol, Disodium Edta, Xanthan Gum, Arginine, Sodium Stearoyl Glutamate, Hydroxyacetophenone, Phenoxyethanol, Caprylyl Glycol, Ethylhexylglycerin, Stephania Tetrandra Root Extract, Gentiana Scabra Extract",NA18251901656,https://www.sociolla.com/face-serum/91860-10-niacinamide-3-txa-bright-dark-spot-serum,"Membantu memudarkan noda hitam, Membantu memudarkan bekas jerawat, Meratakan warna kulit, Mengurangi kemerahan, Menjaga kelembapan kulit"
FACERINNA,Retinol Anti Aging Serum,serum,20ml,69000,69000,0.0,0.0,0,"Aqua (water), Butylene Glycol, Propylene Glycol, Caprylic/Capric Glycerides Polyglyceryl-10 Esters, Betaine, Squalane, Niacinamide, Glycerin, Hydroxyacetophenone, 1,2-Hexanediol, Pentylene Glycol,Cetearyl Olivate, Acrylates/C10-30 Alkyl Acrylate Crosspolymer, Allantoin, Madecassoside, Sorbitan Olivate, O-Cymen-5-Ol, Xanthan Gum, Aminomethyl Propanol, Hydroxyphenyl Propamidobenzoic Acid, Retinol, Undecane, Tridecane, Prunus Persica (Peach) Fruit Extract, Phenoxyethanol, Quaternium-73, Tocopherol, Ethylhexylglycerin",NA18252000312,https://www.sociolla.com/face-serum/91859-retinol-anti-aging-serum,"Membantu mengurangi garis halus, Membantu mengurangi kerutan, Memperbaiki tekstur kulit, Mendukung regenerasi kulit, Mendukung produksi kolagen, Menjaga kelembapan, Membuat kulit tampak lebih halus, Membuat kulit tampak sehat, Membuat kulit tampak terawat"
Whitelab,17% Intensive Peeling Serum,serum,20ml,97900,70488,0.28,4.3,2,"Aqua (Water), Ethanol, Gluconolactone, Lactic Acid, Glycolic Acid, Methylpropanediol, Glycerin, Sodium Hydroxide, Butylene Glycol, Salicylic Acid, Panthenol, Zinc PCA, Propylene Glycol, Phenoxyethanol, Chamomilla Recutita (Matricaria) Flower Extract, Centella Asiatica Leaf Extract, Niacinamide, Xanthan Gum, Bis-PEG-12 Dimethicone, Propanediol, Allantoin, Bisabolol, Hamamelis Virginiana (Witch Hazel) Extract, 1,2-Hexanediol, Ethylhexylglycerin, Acrylates/C10-30 Alkyl Acrylate Crosspolymer, Dipotassium Glycyrrhizate, Tetrasodium EDTA, Maltodextrin, Salix Alba (Willow) Bark Extract, Fomes Officinalis (Mushroom) Extract, Calcium Pantothenate, CI 77266 (Black 2), Alcohol, Caprylyl Glycol, Urea, Papain, Magnesium Lactate, CI 17200 (Red 33), Tris(tetramethylhydroxypiperidinol) Citrate, CI 18965, Sodium Benzoate, Potassium Lactate, Citric Acid, Potassium Sorbate, Alanine, Magnesium Chloride, Proline, Serine, Sodium Citrate, Tocopherol",NA18240118872,https://www.sociolla.com/face-serum/91238-17-intensive-peeling-serum,"Mengeksfoliasi sel kulit mati secara efektif, Mengeksfoliasi sel kulit mati secara lembut, Membantu membersihkan pori-pori, Mengurangi minyak berlebih, Memperhalus tekstur kulit, Menyamarkan tampilan pori-pori, Mencerahkan warna kulit, Meratakan warna kulit"
Beauty of Joseon,Bamboo Darkspot Serum,serum,20ml,210000,157500,0.25,5.0,4,"Aqua (Water), Glycerin, Propanediol, Coco-Caprylate/Caprate, 1,2-Hexanediol, Methylpropanediol, Polyglyceryl-3 Distearate, Betaine, Pentylene Glycol, Phenylethyl Resorcinol, Panthenol, Tocopheryl Acetate, Xanthan Gum, Acrylates/C10-30 Alkyl Acrylate Crosspolymer, Sodium Polyacryloyldimethyl Taurate, Diethylhexyl Syringylidenemalonate, Tromethamine, Diphenyl Dimethicone, Triethylhexanoin, Glyceryl Stearate Citrate, Ethylhexylglycerin, Adenosine, Sodium Phytate, Hydrogenated Lecithin, Caprylic/Capric Triglyceride, Bambusa Vulgaris Extract, Beta-Glucan, Silica, Tocopherol",NA18250104648,https://www.sociolla.com/face-serum/91090-bamboo-darkspot-serum,"Membantu menyamarkan noda hitam, Membantu menyamarkan hiperpigmentasi, Mencerahkan warna kulit, Memberikan kelembapan intensif, Melindungi kulit dari radikal bebas"
